"kpi_id","tab","nhom","kpi_name","tinh_chat","source_module","mart_table","mart_column","column_role","logic","ghi_chu"
"K_PTTT_1","Giám sát rủi ro","Nhóm 1 - Chỉ số rủi ro hệ thống","Risk Index tổng hợp","Phái sinh","PTTT","Fact Risk Score Snapshot","Risk Index tổng hợp","SLICER","fct_rsk_scr_snpst.risk_index_tong_hop","Auto-match thấp — cần review"
"K_PTTT_1","Giám sát rủi ro","Nhóm 1 - Chỉ số rủi ro hệ thống","Risk Index tổng hợp","Phái sinh","PTTT","","","","","Pending - chưa thiết kế nguồn"
"K_PTTT_2","Giám sát rủi ro","Nhóm 1 - Chỉ số rủi ro hệ thống","Z-score Biến động giá","Phái sinh","PTTT","","","","","Pending - chưa thiết kế nguồn"
"K_PTTT_3","Giám sát rủi ro","Nhóm 1 - Chỉ số rủi ro hệ thống","Biến động giá Volatility 30 phiên (σ)","Phái sinh","PTTT","","","","","Pending - chưa thiết kế nguồn"
"K_PTTT_4","Giám sát rủi ro","Nhóm 1 - Chỉ số rủi ro hệ thống","Lợi suất ngày (x)","Cơ sở","PTTT","","","DERIVED","(P(t) − P(t−1)) / P(t−1)",""
"K_PTTT_5","Giám sát rủi ro","Nhóm 1 - Chỉ số rủi ro hệ thống","Giá đóng cửa P(t)","Cơ sở","PTTT","Fact Risk Score Snapshot","Giá đóng cửa P(t)","MEASURE","fct_rsk_scr_snpst.gia_ong_cua_p(t)",""
"K_PTTT_5","Giám sát rủi ro","Nhóm 1 - Chỉ số rủi ro hệ thống","Giá đóng cửa P(t)","Cơ sở","PTTT","Fact Risk Score Snapshot","Giá đóng cửa P(t)","MEASURE","fct_rsk_scr_snpst.gia_ong_cua_p(t)",""
"K_PTTT_7","Giám sát rủi ro","Nhóm 1 - Chỉ số rủi ro hệ thống","Lợi suất trung bình 30 phiên (μ)","Phái sinh","PTTT","","","DERIVED","Trung bình lợi suất ngày 30 phiên gần nhất",""
"K_PTTT_8","Giám sát rủi ro","Nhóm 1 - Chỉ số rủi ro hệ thống","Z-score Thanh khoản","Phái sinh","PTTT","","","","","Pending - chưa thiết kế nguồn"
"K_PTTT_9","Giám sát rủi ro","Nhóm 1 - Chỉ số rủi ro hệ thống","Độ lệch chuẩn ILLIQ (σ)","Phái sinh","PTTT","","","DERIVED","Độ lệch chuẩn chuỗi ILLIQ 30 phiên",""
"K_PTTT_10","Giám sát rủi ro","Nhóm 1 - Chỉ số rủi ro hệ thống","ILLIQ trung bình 30 phiên (R̄)","Phái sinh","PTTT","","","","","Pending - chưa thiết kế nguồn"
"K_PTTT_11","Giám sát rủi ro","Nhóm 1 - Chỉ số rủi ro hệ thống","ILLIQ ngày t (Rₜ)","Phái sinh","PTTT","","","","","Pending - chưa thiết kế nguồn"
"K_PTTT_12","Giám sát rủi ro","Nhóm 1 - Chỉ số rủi ro hệ thống","Giá trị tuyệt đối lợi suất \","Cơ sở","PTTT","","","","","Trùng - xem K_PTTT_12"
"K_PTTT_5","Giám sát rủi ro","Nhóm 1 - Chỉ số rủi ro hệ thống","Giá đóng cửa P(t)","Cơ sở","PTTT","","","","","Trùng - xem K_PTTT_5"
"K_PTTT_5","Giám sát rủi ro","Nhóm 1 - Chỉ số rủi ro hệ thống","Giá đóng cửa P(t)","Cơ sở","PTTT","","","","","Trùng - xem K_PTTT_5"
"K_PTTT_13","Giám sát rủi ro","Nhóm 1 - Chỉ số rủi ro hệ thống","Giá trị giao dịch ngày t VOLDₜ","Cơ sở","PTTT","Fact Risk Score Snapshot","Giá trị giao dịch ngày t VOLDₜ","MEASURE","fct_rsk_scr_snpst.gia_tri_giao_dich",""
"K_PTTT_25","Giám sát rủi ro","Nhóm 1 - Chỉ số rủi ro hệ thống","Z-score Dư nợ Margin","Phái sinh","PTTT","","","","","Pending - chưa thiết kế nguồn"
"K_PTTT_9","Giám sát rủi ro","Nhóm 1 - Chỉ số rủi ro hệ thống","Độ lệch chuẩn ILLIQ (σ)","Phái sinh","PTTT","","","","","Pending - chưa thiết kế nguồn"
"K_PTTT_27","Giám sát rủi ro","Nhóm 1 - Chỉ số rủi ro hệ thống","Tỷ lệ Dư nợ Margin / Tổng vốn hóa thị trường tại ngày (x)","Phái sinh","PTTT","","","","","Pending - chưa thiết kế nguồn"
"K_PTTT_28","Giám sát rủi ro","Nhóm 1 - Chỉ số rủi ro hệ thống","Tỷ lệ Dư nợ Margin / Tổng vốn hóa trung bình (μ)","Phái sinh","PTTT","","","","","Pending - chưa thiết kế nguồn"
"K_PTTT_14","Giám sát rủi ro","Nhóm 1 - Chỉ số rủi ro hệ thống","Tổng dư nợ margin MDₜ","Cơ sở","PTTT","","","","","Pending - chưa thiết kế nguồn"
"K_PTTT_29","Giám sát rủi ro","Nhóm 1 - Chỉ số rủi ro hệ thống","MCAPₜ — Tổng vốn hóa thị trường ngày t","Phái sinh","PTTT","","","","","Pending - chưa thiết kế nguồn"
"K_PTTT_5","Giám sát rủi ro","Nhóm 1 - Chỉ số rủi ro hệ thống","Giá đóng cửa P(t)","Cơ sở","PTTT","Fact Risk Score Snapshot","Giá đóng cửa P(t)","MEASURE","fct_rsk_scr_snpst.gia_ong_cua_p(t)",""
"K_PTTT_30","Giám sát rủi ro","Nhóm 1 - Chỉ số rủi ro hệ thống","KL CK lưu hành tại ngày","Cơ sở","PTTT","","","","","Pending - chưa thiết kế nguồn"
"K_PTTT_15","Giám sát rủi ro","Nhóm 1 - Chỉ số rủi ro hệ thống","Z-score Lãi suất","Phái sinh","PTTT","","","","","Pending - chưa thiết kế nguồn"
"K_PTTT_16","Giám sát rủi ro","Nhóm 1 - Chỉ số rủi ro hệ thống","Lãi suất tại ngày t","Cơ sở","PTTT","Fact Risk Score Snapshot","Lãi suất tại ngày t","MEASURE","fct_rsk_scr_snpst.lai_suat_tai_ngay",""
"K_PTTT_17","Giám sát rủi ro","Nhóm 1 - Chỉ số rủi ro hệ thống","Lãi suất trung bình N phiên (μ)","Phái sinh","PTTT","","","DERIVED","Trung bình lãi suất N phiên",""
"K_PTTT_9","Giám sát rủi ro","Nhóm 1 - Chỉ số rủi ro hệ thống","Độ lệch chuẩn ILLIQ (σ)","Phái sinh","PTTT","","","DERIVED","Độ lệch chuẩn chuỗi ILLIQ 30 phiên",""
"K_PTTT_19","Giám sát rủi ro","Nhóm 1 - Chỉ số rủi ro hệ thống","Z-score Dòng tiền ròng NĐTNN","Phái sinh","PTTT","","","","","Pending - chưa thiết kế nguồn"
"K_PTTT_9","Giám sát rủi ro","Nhóm 1 - Chỉ số rủi ro hệ thống","Độ lệch chuẩn ILLIQ (σ)","Phái sinh","PTTT","","","DERIVED","Độ lệch chuẩn chuỗi ILLIQ 30 phiên",""
"K_PTTT_21","Giám sát rủi ro","Nhóm 1 - Chỉ số rủi ro hệ thống","Dòng tiền ròng NĐTNN ngày t","Phái sinh","PTTT","","","DERIVED","GTGD mua − GTGD bán của NĐTNN",""
"K_PTTT_22","Giám sát rủi ro","Nhóm 1 - Chỉ số rủi ro hệ thống","GTGD mua của NĐTNN ngày t","Cơ sở","PTTT","Fact Risk Score Snapshot","GTGD mua của NĐTNN ngày t","MEASURE","fct_rsk_scr_snpst.gtgd_mua_cua_ntnn",""
"K_PTTT_23","Giám sát rủi ro","Nhóm 1 - Chỉ số rủi ro hệ thống","GTGD bán của NĐTNN ngày t","Cơ sở","PTTT","Fact Risk Score Snapshot","GTGD bán của NĐTNN ngày t","MEASURE","fct_rsk_scr_snpst.gtgd_ban_cua_ntnn",""
"K_PTTT_24","Giám sát rủi ro","Nhóm 1 - Chỉ số rủi ro hệ thống","Dòng tiền ròng NĐTNN trung bình phiên (μ)","Phái sinh","PTTT","","","DERIVED","Trung bình dòng tiền ròng NĐTNN N phiên",""
"K_PTTT_31","Giám sát rủi ro","Nhóm 1 - Chỉ số rủi ro hệ thống","Z-score Huy động vốn cổ phần","Phái sinh","PTTT","","","","","Pending - chưa thiết kế nguồn"
"K_PTTT_9","Giám sát rủi ro","Nhóm 1 - Chỉ số rủi ro hệ thống","Độ lệch chuẩn ILLIQ (σ)","Phái sinh","PTTT","","","","","Pending - chưa thiết kế nguồn"
"K_PTTT_33","Giám sát rủi ro","Nhóm 1 - Chỉ số rủi ro hệ thống","Huy động vốn cổ phần tại ngày t","Phái sinh","PTTT","","","","","Pending - chưa thiết kế nguồn"
"K_PTTT_34","Giám sát rủi ro","Nhóm 1 - Chỉ số rủi ro hệ thống","Huy động vốn cổ phần trung bình (μ)","Phái sinh","PTTT","","","","","Pending - chưa thiết kế nguồn"
"K_PTTT_36","Giám sát rủi ro","Nhóm 2 - Phân tích đóng góp rủi ro","Tỷ trọng Thanh khoản (β_Thanh_khoản)","Phái sinh","PTTT","","","DERIVED","Trọng số beta yếu tố Thanh khoản — ETL từ Atomic, lưu trên Fact",""
"K_PTTT_35","Giám sát rủi ro","Nhóm 2 - Phân tích đóng góp rủi ro","Tỷ trọng Biến động giá (β_Biến_động)","Phái sinh","PTTT","","","DERIVED","Trọng số beta yếu tố Biến động giá — ETL từ Atomic, lưu trên Fact",""
"K_PTTT_37","Giám sát rủi ro","Nhóm 2 - Phân tích đóng góp rủi ro","Tỷ trọng Dư nợ Margin (β_Margin)","Phái sinh","PTTT","","","DERIVED","Trọng số beta yếu tố Dư nợ Margin — ETL từ Atomic, lưu trên Fact",""
"K_PTTT_38","Giám sát rủi ro","Nhóm 2 - Phân tích đóng góp rủi ro","Tỷ trọng Lãi suất liên ngân hàng (β_Lãi_suất)","Phái sinh","PTTT","","","DERIVED","Trọng số beta yếu tố Lãi suất — ETL từ Atomic, lưu trên Fact",""
"K_PTTT_39","Giám sát rủi ro","Nhóm 2 - Phân tích đóng góp rủi ro","Tỷ trọng Dòng tiền ròng NĐTNN (β_NĐTNN)","Phái sinh","PTTT","","","DERIVED","Trọng số beta yếu tố Dòng tiền NĐTNN — ETL từ Atomic, lưu trên Fact",""
"K_PTTT_40","Giám sát rủi ro","Nhóm 2 - Phân tích đóng góp rủi ro","Tỷ trọng Huy động vốn cổ phần (β_HVCP)","Phái sinh","PTTT","","","DERIVED","Trọng số beta yếu tố Huy động vốn — ETL từ Atomic, lưu trên Fact",""
"K_PTTT_41","Giám sát rủi ro","Nhóm 2 - Phân tích đóng góp rủi ro","Giá trị hiện tại Biến động giá ngày t","Phái sinh","PTTT","","","","","Trùng - xem K_PTTT_41"
"K_PTTT_42","Giám sát rủi ro","Nhóm 2 - Phân tích đóng góp rủi ro","Giá trị hiện tại Thanh khoản ngày t","Phái sinh","PTTT","","","","","Trùng - xem K_PTTT_42"
"K_PTTT_43","Giám sát rủi ro","Nhóm 2 - Phân tích đóng góp rủi ro","Giá trị hiện tại Dư nợ Margin / Tổng vốn hóa ngày t","Phái sinh","PTTT","","","","","Pending - chưa thiết kế nguồn"
"K_PTTT_38","Giám sát rủi ro","Nhóm 2 - Phân tích đóng góp rủi ro","Tỷ trọng Lãi suất liên ngân hàng (β_Lãi_suất)","Phái sinh","PTTT","","","","","Trùng - xem K_PTTT_38"
"K_PTTT_39","Giám sát rủi ro","Nhóm 2 - Phân tích đóng góp rủi ro","Tỷ trọng Dòng tiền ròng NĐTNN (β_NĐTNN)","Phái sinh","PTTT","","","","","Trùng - xem K_PTTT_39"
"K_PTTT_40","Giám sát rủi ro","Nhóm 2 - Phân tích đóng góp rủi ro","Tỷ trọng Huy động vốn cổ phần (β_HVCP)","Phái sinh","PTTT","","","","","Trùng - xem K_PTTT_40"
"K_PTTT_35","Giám sát rủi ro","Nhóm 2 - Phân tích đóng góp rủi ro","Tỷ trọng Biến động giá (β_Biến_động)","Phái sinh","PTTT","","","","","Pending - chưa thiết kế nguồn"
"K_PTTT_35","Giám sát rủi ro","Nhóm 2 - Phân tích đóng góp rủi ro","Tỷ trọng Biến động giá (β_Biến_động)","Phái sinh","PTTT","","","","","Pending - chưa thiết kế nguồn"
"K_PTTT_38","Giám sát rủi ro","Nhóm 2 - Phân tích đóng góp rủi ro","Tỷ trọng Lãi suất liên ngân hàng (β_Lãi_suất)","Phái sinh","PTTT","","","","","Trùng - xem K_PTTT_38"
"K_PTTT_41","Giám sát rủi ro","Nhóm 2 - Phân tích đóng góp rủi ro","Giá trị hiện tại Biến động giá ngày t","Phái sinh","PTTT","","","","","Trùng - xem K_PTTT_41"
"K_PTTT_41","Giám sát rủi ro","Nhóm 2 - Phân tích đóng góp rủi ro","Giá trị hiện tại Biến động giá ngày t","Phái sinh","PTTT","","","","","Trùng - xem K_PTTT_41"
"K_PTTT_38","Giám sát rủi ro","Nhóm 2 - Phân tích đóng góp rủi ro","Tỷ trọng Lãi suất liên ngân hàng (β_Lãi_suất)","Phái sinh","PTTT","","","","","Trùng - xem K_PTTT_38"
"K_PTTT_41","Giám sát rủi ro","Nhóm 2 - Phân tích đóng góp rủi ro","Giá trị hiện tại Biến động giá ngày t","Phái sinh","PTTT","","","","","Pending - chưa thiết kế nguồn"
"K_PTTT_41","Giám sát rủi ro","Nhóm 2 - Phân tích đóng góp rủi ro","Giá trị hiện tại Biến động giá ngày t","Phái sinh","PTTT","","","","","Trùng - xem K_PTTT_41"
"K_PTTT_41","Giám sát rủi ro","Nhóm 2 - Phân tích đóng góp rủi ro","Giá trị hiện tại Biến động giá ngày t","Phái sinh","PTTT","","","","","Trùng - xem K_PTTT_41"
"K_PTTT_37","Giám sát rủi ro","Nhóm 2 - Phân tích đóng góp rủi ro","Tỷ trọng Dư nợ Margin (β_Margin)","Phái sinh","PTTT","","","","","Pending - chưa thiết kế nguồn"
"K_PTTT_35","Giám sát rủi ro","Nhóm 2 - Phân tích đóng góp rủi ro","Tỷ trọng Biến động giá (β_Biến_động)","Phái sinh","PTTT","","","","","Trùng - xem K_PTTT_35"
"K_PTTT_43","Giám sát rủi ro","Nhóm 2 - Phân tích đóng góp rủi ro","Giá trị hiện tại Dư nợ Margin / Tổng vốn hóa ngày t","Phái sinh","PTTT","","","","","Pending - chưa thiết kế nguồn"
"K_PTTT_43","Giám sát rủi ro","Nhóm 2 - Phân tích đóng góp rủi ro","Giá trị hiện tại Dư nợ Margin / Tổng vốn hóa ngày t","Phái sinh","PTTT","","","","","Trùng - xem K_PTTT_43"
"K_PTTT_37","Giám sát rủi ro","Nhóm 2 - Phân tích đóng góp rủi ro","Tỷ trọng Dư nợ Margin (β_Margin)","Phái sinh","PTTT","","","","","Pending - chưa thiết kế nguồn"
"K_PTTT_43","Giám sát rủi ro","Nhóm 2 - Phân tích đóng góp rủi ro","Giá trị hiện tại Dư nợ Margin / Tổng vốn hóa ngày t","Phái sinh","PTTT","","","","","Pending - chưa thiết kế nguồn"
"K_PTTT_41","Giám sát rủi ro","Nhóm 2 - Phân tích đóng góp rủi ro","Giá trị hiện tại Biến động giá ngày t","Phái sinh","PTTT","","","","","Trùng - xem K_PTTT_41"
"K_PTTT_41","Giám sát rủi ro","Nhóm 2 - Phân tích đóng góp rủi ro","Giá trị hiện tại Biến động giá ngày t","Phái sinh","PTTT","","","","","Trùng - xem K_PTTT_41"
"K_PTTT_36","Giám sát rủi ro","Nhóm 2 - Phân tích đóng góp rủi ro","Tỷ trọng Thanh khoản (β_Thanh_khoản)","Phái sinh","PTTT","","","","","Pending - chưa thiết kế nguồn"
"K_PTTT_35","Giám sát rủi ro","Nhóm 2 - Phân tích đóng góp rủi ro","Tỷ trọng Biến động giá (β_Biến_động)","Phái sinh","PTTT","","","","","Trùng - xem K_PTTT_35"
"K_PTTT_35","Giám sát rủi ro","Nhóm 2 - Phân tích đóng góp rủi ro","Tỷ trọng Biến động giá (β_Biến_động)","Phái sinh","PTTT","","","","","Pending - chưa thiết kế nguồn"
"K_PTTT_41","Giám sát rủi ro","Nhóm 2 - Phân tích đóng góp rủi ro","Giá trị hiện tại Biến động giá ngày t","Phái sinh","PTTT","","","","","Pending - chưa thiết kế nguồn"
"K_PTTT_41","Giám sát rủi ro","Nhóm 2 - Phân tích đóng góp rủi ro","Giá trị hiện tại Biến động giá ngày t","Phái sinh","PTTT","","","","","Pending - chưa thiết kế nguồn"
"K_PTTT_41","Giám sát rủi ro","Nhóm 2 - Phân tích đóng góp rủi ro","Giá trị hiện tại Biến động giá ngày t","Phái sinh","PTTT","","","","","Trùng - xem K_PTTT_41"
"K_PTTT_41","Giám sát rủi ro","Nhóm 2 - Phân tích đóng góp rủi ro","Giá trị hiện tại Biến động giá ngày t","Phái sinh","PTTT","","","","","Trùng - xem K_PTTT_41"
"K_PTTT_41","Giám sát rủi ro","Nhóm 2 - Phân tích đóng góp rủi ro","Giá trị hiện tại Biến động giá ngày t","Phái sinh","PTTT","","","","","Trùng - xem K_PTTT_41"
"K_PTTT_38","Giám sát rủi ro","Nhóm 2 - Phân tích đóng góp rủi ro","Tỷ trọng Lãi suất liên ngân hàng (β_Lãi_suất)","Phái sinh","PTTT","","","","","Pending - chưa thiết kế nguồn"
"K_PTTT_38","Giám sát rủi ro","Nhóm 2 - Phân tích đóng góp rủi ro","Tỷ trọng Lãi suất liên ngân hàng (β_Lãi_suất)","Phái sinh","PTTT","","","","","Trùng - xem K_PTTT_38"
"K_PTTT_38","Giám sát rủi ro","Nhóm 2 - Phân tích đóng góp rủi ro","Tỷ trọng Lãi suất liên ngân hàng (β_Lãi_suất)","Phái sinh","PTTT","","","","","Trùng - xem K_PTTT_38"
"K_PTTT_35","Giám sát rủi ro","Nhóm 2 - Phân tích đóng góp rủi ro","Tỷ trọng Biến động giá (β_Biến_động)","Phái sinh","PTTT","","","","","Trùng - xem K_PTTT_35"
"K_PTTT_39","Giám sát rủi ro","Nhóm 2 - Phân tích đóng góp rủi ro","Tỷ trọng Dòng tiền ròng NĐTNN (β_NĐTNN)","Phái sinh","PTTT","","","","","Pending - chưa thiết kế nguồn"
"K_PTTT_35","Giám sát rủi ro","Nhóm 2 - Phân tích đóng góp rủi ro","Tỷ trọng Biến động giá (β_Biến_động)","Phái sinh","PTTT","","","","","Trùng - xem K_PTTT_35"
"K_PTTT_39","Giám sát rủi ro","Nhóm 2 - Phân tích đóng góp rủi ro","Tỷ trọng Dòng tiền ròng NĐTNN (β_NĐTNN)","Phái sinh","PTTT","","","","","Trùng - xem K_PTTT_39"
"K_PTTT_41","Giám sát rủi ro","Nhóm 2 - Phân tích đóng góp rủi ro","Giá trị hiện tại Biến động giá ngày t","Phái sinh","PTTT","","","","","Trùng - xem K_PTTT_41"
"K_PTTT_41","Giám sát rủi ro","Nhóm 2 - Phân tích đóng góp rủi ro","Giá trị hiện tại Biến động giá ngày t","Phái sinh","PTTT","","","","","Trùng - xem K_PTTT_41"
"K_PTTT_39","Giám sát rủi ro","Nhóm 2 - Phân tích đóng góp rủi ro","Tỷ trọng Dòng tiền ròng NĐTNN (β_NĐTNN)","Phái sinh","PTTT","","","","","Trùng - xem K_PTTT_39"
"K_PTTT_35","Giám sát rủi ro","Nhóm 2 - Phân tích đóng góp rủi ro","Tỷ trọng Biến động giá (β_Biến_động)","Phái sinh","PTTT","","","","","Trùng - xem K_PTTT_35"
"K_PTTT_40","Giám sát rủi ro","Nhóm 2 - Phân tích đóng góp rủi ro","Tỷ trọng Huy động vốn cổ phần (β_HVCP)","Phái sinh","PTTT","","","","","Pending - chưa thiết kế nguồn"
"K_PTTT_40","Giám sát rủi ro","Nhóm 2 - Phân tích đóng góp rủi ro","Tỷ trọng Huy động vốn cổ phần (β_HVCP)","Phái sinh","PTTT","","","","","Trùng - xem K_PTTT_40"
"K_PTTT_40","Giám sát rủi ro","Nhóm 2 - Phân tích đóng góp rủi ro","Tỷ trọng Huy động vốn cổ phần (β_HVCP)","Phái sinh","PTTT","","","","","Trùng - xem K_PTTT_40"
"K_PTTT_35","Giám sát rủi ro","Nhóm 2 - Phân tích đóng góp rủi ro","Tỷ trọng Biến động giá (β_Biến_động)","Phái sinh","PTTT","","","","","Trùng - xem K_PTTT_35"
"K_PTTT_44","Sức khỏe thị trường & Vĩ mô","Nhóm 3 - Chỉ số vĩ mô – tiền tệ","Lãi suất liên ngân hàng (ON) ngày trước (IRt-1)","Cơ sở","PTTT","","","","","Pending - chưa thiết kế nguồn"
"K_PTTT_44","Sức khỏe thị trường & Vĩ mô","Nhóm 3 - Chỉ số vĩ mô – tiền tệ","Lãi suất liên ngân hàng (ON) ngày trước (IRt-1)","Cơ sở","PTTT","","","","","Pending - chưa thiết kế nguồn"
"K_PTTT_44","Sức khỏe thị trường & Vĩ mô","Nhóm 3 - Chỉ số vĩ mô – tiền tệ","Lãi suất liên ngân hàng (ON) ngày trước (IRt-1)","Cơ sở","PTTT","Operational Macro Indicator","Lãi suất liên ngân hàng (ON) ngày trước (IRt-1)","MEASURE","opr_mta_macro_ind.lai_suat_lien_ngan",""
"K_PTTT_45","Sức khỏe thị trường & Vĩ mô","Nhóm 3 - Chỉ số vĩ mô – tiền tệ","% thay đổi lãi suất liên ngân hàng","Phái sinh","PTTT","","","DERIVED","(IRₜ − IRt-1) / IRt-1 × 100",""
"K_PTTT_46","Sức khỏe thị trường & Vĩ mô","Nhóm 3 - Chỉ số vĩ mô – tiền tệ","Tỷ giá USD/VND tại ngày (FXₜ)","Cơ sở","PTTT","Operational Macro Indicator","Tỷ giá USD/VND tại ngày (FXₜ)","MEASURE","opr_mta_macro_ind.ty_gia_usd/vnd_tai",""
"K_PTTT_47","Sức khỏe thị trường & Vĩ mô","Nhóm 3 - Chỉ số vĩ mô – tiền tệ","Tỷ giá USD/VND ngày trước (FXt-1)","Cơ sở","PTTT","Operational Macro Indicator","Tỷ giá USD/VND ngày trước (FXt-1)","MEASURE","opr_mta_macro_ind.ty_gia_usd/vnd_ngay",""
"K_PTTT_48","Sức khỏe thị trường & Vĩ mô","Nhóm 3 - Chỉ số vĩ mô – tiền tệ","% thay đổi tỷ giá USD/VND","Phái sinh","PTTT","","","DERIVED","(FXₜ − FXt-1) / FXt-1 × 100",""
"K_PTTT_49","Sức khỏe thị trường & Vĩ mô","Nhóm 3 - Chỉ số vĩ mô – tiền tệ","Chỉ số CPI (YoY) tại kỳ t","Cơ sở","PTTT","","","","","Pending - chưa thiết kế nguồn"
"K_PTTT_50","Sức khỏe thị trường & Vĩ mô","Nhóm 3 - Chỉ số vĩ mô – tiền tệ","CPI cùng kỳ năm trước","Cơ sở","PTTT","Operational Macro Indicator","CPI cùng kỳ năm trước","MEASURE","opr_mta_macro_ind.cpi_cung_ky_nam",""
"K_PTTT_48","Sức khỏe thị trường & Vĩ mô","Nhóm 3 - Chỉ số vĩ mô – tiền tệ","% thay đổi tỷ giá USD/VND","Phái sinh","PTTT","","","DERIVED","(FXₜ − FXt-1) / FXt-1 × 100",""
"K_PTTT_52","Sức khỏe thị trường & Vĩ mô","Nhóm 3 - Chỉ số vĩ mô – tiền tệ","Tăng trưởng GDP","Phái sinh","PTTT","","","DERIVED","(GDP_kỳ − GDP_kỳ_trước) / GDP_kỳ_trước × 100",""
"K_PTTT_53","Sức khỏe thị trường & Vĩ mô","Nhóm 3 - Chỉ số vĩ mô – tiền tệ","GDP kỳ hiện tại","Cơ sở","PTTT","Operational Macro Indicator","GDP kỳ hiện tại","MEASURE","opr_mta_macro_ind.gdp_ky_hien_tai",""
"K_PTTT_54","Sức khỏe thị trường & Vĩ mô","Nhóm 3 - Chỉ số vĩ mô – tiền tệ","GDP kỳ trước","Cơ sở","PTTT","Operational Macro Indicator","GDP kỳ trước","MEASURE","opr_mta_macro_ind.gdp_ky_truoc",""
"K_PTTT_55","Sức khỏe thị trường & Vĩ mô","Nhóm 4 - Biểu đồ chỉ số sức khỏe hệ thống","Thời gian (ngày thống kê)","Chiều","PTTT","Operational Market Health","Thời gian (ngày thống kê)","SLICER","opr_mta_mkt_hlth.thoi_gian_(ngay_thong",""
"K_PTTT_63","Sức khỏe thị trường & Vĩ mô","Nhóm 4 - Biểu đồ chỉ số sức khỏe hệ thống","Chỉ số tâm lý giao dịch (Sentiment index)","Phái sinh","PTTT","","","","","Pending - chưa thiết kế nguồn"
"K_PTTT_63","Sức khỏe thị trường & Vĩ mô","Nhóm 4 - Biểu đồ chỉ số sức khỏe hệ thống","Chỉ số tâm lý giao dịch (Sentiment index)","Phái sinh","PTTT","","","","","Pending - chưa thiết kế nguồn"
"K_PTTT_64","Sức khỏe thị trường & Vĩ mô","Nhóm 4 - Biểu đồ chỉ số sức khỏe hệ thống","Sentiment Score từng mã CK","Phái sinh","PTTT","","","DERIVED","",""
"K_PTTT_67","Sức khỏe thị trường & Vĩ mô","Nhóm 4 - Biểu đồ chỉ số sức khỏe hệ thống","Trọng số W1 (S_liquidity)","Cơ sở","PTTT","","","","","Pending - chưa thiết kế nguồn"
"K_PTTT_65","Sức khỏe thị trường & Vĩ mô","Nhóm 4 - Biểu đồ chỉ số sức khỏe hệ thống","S_liquidity (Điểm thanh khoản)","Phái sinh","PTTT","","","","","Pending - chưa thiết kế nguồn"
"K_PTTT_56","Sức khỏe thị trường & Vĩ mô","Nhóm 4 - Biểu đồ chỉ số sức khỏe hệ thống","Chỉ số độ căng margin (Margin tension)","Phái sinh","PTTT","","","DERIVED","Tổng dư nợ margin / Tổng hạn mức margin × 100",""
"K_PTTT_61","Sức khỏe thị trường & Vĩ mô","Nhóm 4 - Biểu đồ chỉ số sức khỏe hệ thống","Điểm VN-Index tại ngày t","Cơ sở","PTTT","Operational Market Health","Điểm VN-Index tại ngày t","MEASURE","opr_mta_mkt_hlth.iem_vn-index_tai_ngay",""
"K_PTTT_61","Sức khỏe thị trường & Vĩ mô","Nhóm 4 - Biểu đồ chỉ số sức khỏe hệ thống","Điểm VN-Index tại ngày t","Cơ sở","PTTT","Operational Market Health","Điểm VN-Index tại ngày t","MEASURE","opr_mta_mkt_hlth.iem_vn-index_tai_ngay",""
"K_PTTT_244","Sức khỏe thị trường & Vĩ mô","Nhóm 4 - Biểu đồ chỉ số sức khỏe hệ thống","Chuẩn hóa thang điểm (0–100)","Phái sinh","PTTT","","","","","Pending - chưa thiết kế nguồn"
"K_PTTT_61","Sức khỏe thị trường & Vĩ mô","Nhóm 4 - Biểu đồ chỉ số sức khỏe hệ thống","Điểm VN-Index tại ngày t","Cơ sở","PTTT","Operational Market Health","Điểm VN-Index tại ngày t","MEASURE","opr_mta_mkt_hlth.iem_vn-index_tai_ngay",""
"K_PTTT_55","Sức khỏe thị trường & Vĩ mô","Nhóm 4 - Biểu đồ chỉ số sức khỏe hệ thống","Thời gian (ngày thống kê)","Chiều","PTTT","","","","","Pending - chưa thiết kế nguồn"
"K_PTTT_66","Sức khỏe thị trường & Vĩ mô","Nhóm 4 - Biểu đồ chỉ số sức khỏe hệ thống","S_stability (Điểm ổn định)","Phái sinh","PTTT","","","","","Pending - chưa thiết kế nguồn"
"K_PTTT_56","Sức khỏe thị trường & Vĩ mô","Nhóm 4 - Biểu đồ chỉ số sức khỏe hệ thống","Chỉ số độ căng margin (Margin tension)","Phái sinh","PTTT","","","DERIVED","Tổng dư nợ margin / Tổng hạn mức margin × 100",""
"K_PTTT_56","Sức khỏe thị trường & Vĩ mô","Nhóm 4 - Biểu đồ chỉ số sức khỏe hệ thống","Chỉ số độ căng margin (Margin tension)","Phái sinh","PTTT","","","DERIVED","Tổng dư nợ margin / Tổng hạn mức margin × 100",""
"K_PTTT_56","Sức khỏe thị trường & Vĩ mô","Nhóm 4 - Biểu đồ chỉ số sức khỏe hệ thống","Chỉ số độ căng margin (Margin tension)","Phái sinh","PTTT","","","DERIVED","Tổng dư nợ margin / Tổng hạn mức margin × 100",""
"K_PTTT_61","Sức khỏe thị trường & Vĩ mô","Nhóm 4 - Biểu đồ chỉ số sức khỏe hệ thống","Điểm VN-Index tại ngày t","Cơ sở","PTTT","Operational Market Health","Điểm VN-Index tại ngày t","MEASURE","opr_mta_mkt_hlth.iem_vn-index_tai_ngay",""
"K_PTTT_55","Sức khỏe thị trường & Vĩ mô","Nhóm 4 - Biểu đồ chỉ số sức khỏe hệ thống","Thời gian (ngày thống kê)","Chiều","PTTT","","","","","Pending - chưa thiết kế nguồn"
"K_PTTT_61","Sức khỏe thị trường & Vĩ mô","Nhóm 4 - Biểu đồ chỉ số sức khỏe hệ thống","Điểm VN-Index tại ngày t","Cơ sở","PTTT","","","","","Trùng - xem K_PTTT_61"
"K_PTTT_61","Sức khỏe thị trường & Vĩ mô","Nhóm 4 - Biểu đồ chỉ số sức khỏe hệ thống","Điểm VN-Index tại ngày t","Cơ sở","PTTT","","","","","Trùng - xem K_PTTT_61"
"K_PTTT_56","Sức khỏe thị trường & Vĩ mô","Nhóm 4 - Biểu đồ chỉ số sức khỏe hệ thống","Chỉ số độ căng margin (Margin tension)","Phái sinh","PTTT","","","","","Pending - chưa thiết kế nguồn"
"K_PTTT_56","Sức khỏe thị trường & Vĩ mô","Nhóm 4 - Biểu đồ chỉ số sức khỏe hệ thống","Chỉ số độ căng margin (Margin tension)","Phái sinh","PTTT","","","","","Pending - chưa thiết kế nguồn"
"K_PTTT_57","Sức khỏe thị trường & Vĩ mô","Nhóm 4 - Biểu đồ chỉ số sức khỏe hệ thống","Tổng hạn mức margin","Phái sinh","PTTT","","","DERIVED","Tổng hợp từ SCMS.BC_BAO_CAO_GT",""
"K_PTTT_57","Sức khỏe thị trường & Vĩ mô","Nhóm 4 - Biểu đồ chỉ số sức khỏe hệ thống","Tổng hạn mức margin","Phái sinh","PTTT","","","","","Pending - chưa thiết kế nguồn"
"K_PTTT_69","Sức khỏe thị trường & Vĩ mô","Nhóm 4 - Biểu đồ chỉ số sức khỏe hệ thống","Ngưỡng trạng thái Sentiment index","Phái sinh","PTTT","","","","","Pending - chưa thiết kế nguồn"
"K_PTTT_35","Giám sát rủi ro","Nhóm 2 - Phân tích đóng góp rủi ro","Tỷ trọng Biến động giá (β_Biến_động)","Phái sinh","PTTT","","","","","Pending - chưa thiết kế nguồn"
"K_PTTT_35","Giám sát rủi ro","Nhóm 2 - Phân tích đóng góp rủi ro","Tỷ trọng Biến động giá (β_Biến_động)","Phái sinh","PTTT","","","","","Pending - chưa thiết kế nguồn"
"K_PTTT_35","Giám sát rủi ro","Nhóm 2 - Phân tích đóng góp rủi ro","Tỷ trọng Biến động giá (β_Biến_động)","Phái sinh","PTTT","","","","","Pending - chưa thiết kế nguồn"
"K_PTTT_35","Giám sát rủi ro","Nhóm 2 - Phân tích đóng góp rủi ro","Tỷ trọng Biến động giá (β_Biến_động)","Phái sinh","PTTT","","","","","Pending - chưa thiết kế nguồn"
"K_PTTT_35","Giám sát rủi ro","Nhóm 2 - Phân tích đóng góp rủi ro","Tỷ trọng Biến động giá (β_Biến_động)","Phái sinh","PTTT","","","","","Pending - chưa thiết kế nguồn"
"K_PTTT_58","Sức khỏe thị trường & Vĩ mô","Nhóm 4 - Biểu đồ chỉ số sức khỏe hệ thống","Chỉ số biến động hệ thống (Systemic vol)","Phái sinh","PTTT","","","","","Pending - chưa thiết kế nguồn"
"K_PTTT_58","Sức khỏe thị trường & Vĩ mô","Nhóm 4 - Biểu đồ chỉ số sức khỏe hệ thống","Chỉ số biến động hệ thống (Systemic vol)","Phái sinh","PTTT","","","DERIVED","Độ lệch chuẩn lợi suất VN-Index 20 phiên gần nhất",""
"K_PTTT_35","Giám sát rủi ro","Nhóm 2 - Phân tích đóng góp rủi ro","Tỷ trọng Biến động giá (β_Biến_động)","Phái sinh","PTTT","","","","","Pending - chưa thiết kế nguồn"
"K_PTTT_59","Sức khỏe thị trường & Vĩ mô","Nhóm 4 - Biểu đồ chỉ số sức khỏe hệ thống","Độ lệch chuẩn lợi suất VN-Index 20 phiên","Phái sinh","PTTT","","","DERIVED","σ(lợi suất ngày VN-Index, 20 phiên gần nhất)",""
"K_PTTT_60","Sức khỏe thị trường & Vĩ mô","Nhóm 4 - Biểu đồ chỉ số sức khỏe hệ thống","Lợi suất/ngày VN-Index","Phái sinh","PTTT","","","DERIVED","(Pt − Pt-1) / Pt-1",""
"K_PTTT_61","Sức khỏe thị trường & Vĩ mô","Nhóm 4 - Biểu đồ chỉ số sức khỏe hệ thống","Điểm VN-Index tại ngày t","Cơ sở","PTTT","Operational Market Health","Điểm VN-Index tại ngày t","MEASURE","opr_mta_mkt_hlth.iem_vn-index_tai_ngay",""
"K_PTTT_61","Sức khỏe thị trường & Vĩ mô","Nhóm 4 - Biểu đồ chỉ số sức khỏe hệ thống","Điểm VN-Index tại ngày t","Cơ sở","PTTT","Operational Market Health","Điểm VN-Index tại ngày t","MEASURE","opr_mta_mkt_hlth.iem_vn-index_tai_ngay",""
"K_PTTT_72","Sức khỏe thị trường & Vĩ mô","Nhóm 5 - Biểu đồ Macro Correlation Map","Thời gian (Ngày thống kê)","Chiều","PTTT","Operational Macro Correlation","Thời gian (Ngày thống kê)","SLICER","opr_mta_macro_corr.thoi_gian_(ngay_thong",""
"K_PTTT_80","Sức khỏe thị trường & Vĩ mô","Nhóm 5 - Biểu đồ Macro Correlation Map","DXY Index tại ngày t","Cơ sở","PTTT","Operational Macro Correlation","DXY Index tại ngày t","MEASURE","opr_mta_macro_corr.dxy_index_tai_ngay",""
"K_PTTT_79","Sức khỏe thị trường & Vĩ mô","Nhóm 5 - Biểu đồ Macro Correlation Map","Lãi suất liên ngân hàng tại ngày t-1","Cơ sở","PTTT","Operational Macro Correlation","Lãi suất liên ngân hàng tại ngày t-1","MEASURE","opr_mta_macro_corr.lai_suat_lien_ngan",""
"K_PTTT_80","Sức khỏe thị trường & Vĩ mô","Nhóm 5 - Biểu đồ Macro Correlation Map","DXY Index tại ngày t","Cơ sở","PTTT","Operational Macro Correlation","DXY Index tại ngày t","MEASURE","opr_mta_macro_corr.dxy_index_tai_ngay",""
"K_PTTT_73","Sức khỏe thị trường & Vĩ mô","Nhóm 5 - Biểu đồ Macro Correlation Map","Tương quan VN-Index & Lãi suất liên ngân hàng","Phái sinh","PTTT","","","DERIVED","Pearson Correlation(Return_VNINDEX, ΔIR) trên N phiên gần nhất",""
"K_PTTT_72","Sức khỏe thị trường & Vĩ mô","Nhóm 5 - Biểu đồ Macro Correlation Map","Thời gian (Ngày thống kê)","Chiều","PTTT","","","","","Pending - chưa thiết kế nguồn"
"K_PTTT_75","Sức khỏe thị trường & Vĩ mô","Nhóm 5 - Biểu đồ Macro Correlation Map","Return VN-Index tại ngày t","Phái sinh","PTTT","","","DERIVED","ln(Pt / Pt-1)",""
"K_PTTT_76","Sức khỏe thị trường & Vĩ mô","Nhóm 5 - Biểu đồ Macro Correlation Map","Return VN-Index trung bình N phiên","Phái sinh","PTTT","","","DERIVED","Σ ln(Pt / Pt-1) / N",""
"K_PTTT_80","Sức khỏe thị trường & Vĩ mô","Nhóm 5 - Biểu đồ Macro Correlation Map","DXY Index tại ngày t","Cơ sở","PTTT","Operational Macro Correlation","DXY Index tại ngày t","MEASURE","opr_mta_macro_corr.dxy_index_tai_ngay",""
"K_PTTT_80","Sức khỏe thị trường & Vĩ mô","Nhóm 5 - Biểu đồ Macro Correlation Map","DXY Index tại ngày t","Cơ sở","PTTT","Operational Macro Correlation","DXY Index tại ngày t","MEASURE","opr_mta_macro_corr.dxy_index_tai_ngay",""
"K_PTTT_77","Sức khỏe thị trường & Vĩ mô","Nhóm 5 - Biểu đồ Macro Correlation Map","Δ Lãi suất liên ngân hàng tại ngày t","Phái sinh","PTTT","","","DERIVED","IRₜ − IRt-1",""
"K_PTTT_78","Sức khỏe thị trường & Vĩ mô","Nhóm 5 - Biểu đồ Macro Correlation Map","Δ Lãi suất liên ngân hàng trung bình N phiên","Phái sinh","PTTT","","","DERIVED","Σ (IRₜ − IRt-1) / N",""
"K_PTTT_79","Sức khỏe thị trường & Vĩ mô","Nhóm 5 - Biểu đồ Macro Correlation Map","Lãi suất liên ngân hàng tại ngày t-1","Cơ sở","PTTT","Operational Macro Correlation","Lãi suất liên ngân hàng tại ngày t-1","MEASURE","opr_mta_macro_corr.lai_suat_lien_ngan",""
"K_PTTT_79","Sức khỏe thị trường & Vĩ mô","Nhóm 5 - Biểu đồ Macro Correlation Map","Lãi suất liên ngân hàng tại ngày t-1","Cơ sở","PTTT","Operational Macro Correlation","Lãi suất liên ngân hàng tại ngày t-1","MEASURE","opr_mta_macro_corr.lai_suat_lien_ngan",""
"K_PTTT_72","Sức khỏe thị trường & Vĩ mô","Nhóm 5 - Biểu đồ Macro Correlation Map","Thời gian (Ngày thống kê)","Chiều","PTTT","","","","","Pending - chưa thiết kế nguồn"
"K_PTTT_76","Sức khỏe thị trường & Vĩ mô","Nhóm 5 - Biểu đồ Macro Correlation Map","Return VN-Index trung bình N phiên","Phái sinh","PTTT","","","","","Pending - chưa thiết kế nguồn"
"K_PTTT_75","Sức khỏe thị trường & Vĩ mô","Nhóm 5 - Biểu đồ Macro Correlation Map","Return VN-Index tại ngày t","Phái sinh","PTTT","","","","","Pending - chưa thiết kế nguồn"
"K_PTTT_75","Sức khỏe thị trường & Vĩ mô","Nhóm 5 - Biểu đồ Macro Correlation Map","Return VN-Index tại ngày t","Phái sinh","PTTT","","","","","Pending - chưa thiết kế nguồn"
"K_PTTT_84","Sức khỏe thị trường & Vĩ mô","Nhóm 6 - Tương quan chỉ số và lãi suất thực tế","Chỉ số VN-Index bình quân tháng","Phái sinh","PTTT","Operational Macro Correlation","Chỉ số VN-Index bình quân tháng","SLICER","opr_mta_macro_corr.chi_so_vn-index_binh","Auto-match thấp — cần review"
"K_PTTT_84","Sức khỏe thị trường & Vĩ mô","Nhóm 6 - Tương quan chỉ số và lãi suất thực tế","Chỉ số VN-Index bình quân tháng","Phái sinh","PTTT","","","DERIVED","AVG(Market Index Snapshot.Index_Value) trong tháng, IndexCode=VNINDEX",""
"K_PTTT_85","Sức khỏe thị trường & Vĩ mô","Nhóm 6 - Tương quan chỉ số và lãi suất thực tế","Lãi suất liên ngân hàng bình quân tháng","Phái sinh","PTTT","","","DERIVED","AVG(Risk Indicator Value.Indicator_Value) trong tháng, indicator_code=IR_ON",""
"K_PTTT_84","Sức khỏe thị trường & Vĩ mô","Nhóm 6 - Tương quan chỉ số và lãi suất thực tế","Chỉ số VN-Index bình quân tháng","Phái sinh","PTTT","Operational Macro Correlation","Chỉ số VN-Index bình quân tháng","MEASURE","opr_mta_macro_corr.chi_so_vn-index_binh",""
"K_PTTT_85","Sức khỏe thị trường & Vĩ mô","Nhóm 6 - Tương quan chỉ số và lãi suất thực tế","Lãi suất liên ngân hàng bình quân tháng","Phái sinh","PTTT","Operational Macro Correlation","Lãi suất liên ngân hàng bình quân tháng","MEASURE","opr_mta_macro_corr.lai_suat_lien_ngan",""
"K_PTTT_86","Sức khỏe thị trường & Vĩ mô","Nhóm 7 - Biểu đồ áp lực ngành","Nhóm ngành","Chiều","PTTT","Fact Meta Sector Score","Nhóm ngành","SLICER","fct_mta_sctr_scr.nhom_nganh",""
"K_PTTT_86","Sức khỏe thị trường & Vĩ mô","Nhóm 7 - Biểu đồ áp lực ngành","Nhóm ngành","Chiều","PTTT","Fact Meta Sector Score","Nhóm ngành","SLICER","fct_mta_sctr_scr.nhom_nganh",""
"K_PTTT_90","Sức khỏe thị trường & Vĩ mô","Nhóm 7 - Biểu đồ áp lực ngành","Sector Stress Score – Chỉ số mức độ căng thẳng ngành","Phái sinh","PTTT","","","","","Pending - chưa thiết kế nguồn"
"K_PTTT_92","Sức khỏe thị trường & Vĩ mô","Nhóm 7 - Biểu đồ áp lực ngành","Wi – Trọng số vốn hóa mã i trong ngành","Phái sinh","PTTT","","","","","Pending - chưa thiết kế nguồn"
"K_PTTT_103","Sức khỏe thị trường & Vĩ mô","Nhóm 7 - Biểu đồ áp lực ngành","Tổng Vốn hóa Sector (TotalCap_Sector)","Phái sinh","PTTT","","","","","Pending - chưa thiết kế nguồn"
"K_PTTT_94","Sức khỏe thị trường & Vĩ mô","Nhóm 7 - Biểu đồ áp lực ngành","Vốn hóa từng mã (MarketCap_i)","Phái sinh","PTTT","","","","","Pending - chưa thiết kế nguồn"
"K_PTTT_88","Sức khỏe thị trường & Vĩ mô","Nhóm 7 - Biểu đồ áp lực ngành","Nợ phải trả toàn ngành","Cơ sở","PTTT","Fact Meta Sector Score","Nợ phải trả toàn ngành","MEASURE","fct_mta_sctr_scr.no_phai_tra_toan",""
"K_PTTT_95","Sức khỏe thị trường & Vĩ mô","Nhóm 7 - Biểu đồ áp lực ngành","KL CK lưu hành","Cơ sở","PTTT","","","","","Pending - chưa thiết kế nguồn"
"K_PTTT_91","Sức khỏe thị trường & Vĩ mô","Nhóm 7 - Biểu đồ áp lực ngành","StressScore từng mã trong ngành (StressScore_i)","Phái sinh","PTTT","","","DERIVED","",""
"K_PTTT_96","Sức khỏe thị trường & Vĩ mô","Nhóm 7 - Biểu đồ áp lực ngành","Price Drawdown (Pdrawdown_i)","Phái sinh","PTTT","","","DERIVED","(High Price - Close Price) / High Price — tính theo window ngày",""
"K_PTTT_88","Sức khỏe thị trường & Vĩ mô","Nhóm 7 - Biểu đồ áp lực ngành","Nợ phải trả toàn ngành","Cơ sở","PTTT","Fact Meta Sector Score","Nợ phải trả toàn ngành","MEASURE","fct_mta_sctr_scr.no_phai_tra_toan",""
"K_PTTT_88","Sức khỏe thị trường & Vĩ mô","Nhóm 7 - Biểu đồ áp lực ngành","Nợ phải trả toàn ngành","Cơ sở","PTTT","Fact Meta Sector Score","Nợ phải trả toàn ngành","MEASURE","fct_mta_sctr_scr.no_phai_tra_toan",""
"K_PTTT_97","Sức khỏe thị trường & Vĩ mô","Nhóm 7 - Biểu đồ áp lực ngành","Volatility (Pvolatility_i)","Phái sinh","PTTT","","","","","Pending - chưa thiết kế nguồn"
"K_PTTT_86","Sức khỏe thị trường & Vĩ mô","Nhóm 7 - Biểu đồ áp lực ngành","Nhóm ngành","Chiều","PTTT","","","","","Pending - chưa thiết kế nguồn"
"K_PTTT_87","Sức khỏe thị trường & Vĩ mô","Nhóm 7 - Biểu đồ áp lực ngành","Sector Debt Score – Chỉ số sức khỏe tài chính ngành","Phái sinh","PTTT","","","DERIVED","Tổng Nợ phải trả ngành / Tổng VCSH ngành",""
"K_PTTT_87","Sức khỏe thị trường & Vĩ mô","Nhóm 7 - Biểu đồ áp lực ngành","Sector Debt Score – Chỉ số sức khỏe tài chính ngành","Phái sinh","PTTT","","","DERIVED","Tổng Nợ phải trả ngành / Tổng VCSH ngành",""
"K_PTTT_88","Sức khỏe thị trường & Vĩ mô","Nhóm 7 - Biểu đồ áp lực ngành","Nợ phải trả toàn ngành","Cơ sở","PTTT","Fact Meta Sector Score","Nợ phải trả toàn ngành","MEASURE","fct_mta_sctr_scr.no_phai_tra_toan",""
"K_PTTT_88","Sức khỏe thị trường & Vĩ mô","Nhóm 7 - Biểu đồ áp lực ngành","Nợ phải trả toàn ngành","Cơ sở","PTTT","Fact Meta Sector Score","Nợ phải trả toàn ngành","MEASURE","fct_mta_sctr_scr.no_phai_tra_toan",""
"K_PTTT_88","Sức khỏe thị trường & Vĩ mô","Nhóm 7 - Biểu đồ áp lực ngành","Nợ phải trả toàn ngành","Cơ sở","PTTT","Fact Meta Sector Score","Nợ phải trả toàn ngành","MEASURE","fct_mta_sctr_scr.no_phai_tra_toan",""
"K_PTTT_87","Sức khỏe thị trường & Vĩ mô","Nhóm 7 - Biểu đồ áp lực ngành","Sector Debt Score – Chỉ số sức khỏe tài chính ngành","Phái sinh","PTTT","","","DERIVED","Tổng Nợ phải trả ngành / Tổng VCSH ngành",""
"K_PTTT_98","Sức khỏe thị trường & Vĩ mô","Nhóm 7 - Biểu đồ áp lực ngành","Selling Pressure (Pselling_i)","Phái sinh","PTTT","","","","","Pending - chưa thiết kế nguồn"
"K_PTTT_99","Sức khỏe thị trường & Vĩ mô","Nhóm 7 - Biểu đồ áp lực ngành","SellVolume_i","Cơ sở","PTTT","","","","","Pending - chưa thiết kế nguồn"
"K_PTTT_87","Sức khỏe thị trường & Vĩ mô","Nhóm 7 - Biểu đồ áp lực ngành","Sector Debt Score – Chỉ số sức khỏe tài chính ngành","Phái sinh","PTTT","","","DERIVED","Tổng Nợ phải trả ngành / Tổng VCSH ngành",""
"K_PTTT_100","Sức khỏe thị trường & Vĩ mô","Nhóm 7 - Biểu đồ áp lực ngành","Sector Liquid Score – Chỉ số dòng tiền ngành","Phái sinh","PTTT","","","","","Pending - chưa thiết kế nguồn"
"K_PTTT_101","Sức khỏe thị trường & Vĩ mô","Nhóm 7 - Biểu đồ áp lực ngành","TotalValue_Sector (Tổng GTGD toàn ngành)","Phái sinh","PTTT","","","DERIVED","Σ acm_val của các mã thuộc ngành trong ngày",""
"K_PTTT_87","Sức khỏe thị trường & Vĩ mô","Nhóm 7 - Biểu đồ áp lực ngành","Sector Debt Score – Chỉ số sức khỏe tài chính ngành","Phái sinh","PTTT","","","DERIVED","Tổng Nợ phải trả ngành / Tổng VCSH ngành",""
"K_PTTT_87","Sức khỏe thị trường & Vĩ mô","Nhóm 7 - Biểu đồ áp lực ngành","Sector Debt Score – Chỉ số sức khỏe tài chính ngành","Phái sinh","PTTT","","","DERIVED","Tổng Nợ phải trả ngành / Tổng VCSH ngành",""
"K_PTTT_87","Sức khỏe thị trường & Vĩ mô","Nhóm 7 - Biểu đồ áp lực ngành","Sector Debt Score – Chỉ số sức khỏe tài chính ngành","Phái sinh","PTTT","","","DERIVED","Tổng Nợ phải trả ngành / Tổng VCSH ngành",""
"K_PTTT_103","Sức khỏe thị trường & Vĩ mô","Nhóm 7 - Biểu đồ áp lực ngành","Tổng Vốn hóa Sector (TotalCap_Sector)","Phái sinh","PTTT","","","","","Trùng - xem K_PTTT_103"
"K_PTTT_87","Sức khỏe thị trường & Vĩ mô","Nhóm 7 - Biểu đồ áp lực ngành","Sector Debt Score – Chỉ số sức khỏe tài chính ngành","Phái sinh","PTTT","","","","","Pending - chưa thiết kế nguồn"
"K_PTTT_88","Sức khỏe thị trường & Vĩ mô","Nhóm 7 - Biểu đồ áp lực ngành","Nợ phải trả toàn ngành","Cơ sở","PTTT","Fact Meta Sector Score","Nợ phải trả toàn ngành","MEASURE","fct_mta_sctr_scr.no_phai_tra_toan",""
"K_PTTT_95","Sức khỏe thị trường & Vĩ mô","Nhóm 7 - Biểu đồ áp lực ngành","KL CK lưu hành","Cơ sở","PTTT","","","","","Pending - chưa thiết kế nguồn"
"K_PTTT_87","Sức khỏe thị trường & Vĩ mô","Nhóm 7 - Biểu đồ áp lực ngành","Sector Debt Score – Chỉ số sức khỏe tài chính ngành","Phái sinh","PTTT","","","DERIVED","Tổng Nợ phải trả ngành / Tổng VCSH ngành",""
"K_PTTT_88","Sức khỏe thị trường & Vĩ mô","Nhóm 7 - Biểu đồ áp lực ngành","Nợ phải trả toàn ngành","Cơ sở","PTTT","Fact Meta Sector Score","Nợ phải trả toàn ngành","MEASURE","fct_mta_sctr_scr.no_phai_tra_toan",""
"K_PTTT_88","Sức khỏe thị trường & Vĩ mô","Nhóm 7 - Biểu đồ áp lực ngành","Nợ phải trả toàn ngành","Cơ sở","PTTT","Fact Meta Sector Score","Nợ phải trả toàn ngành","MEASURE","fct_mta_sctr_scr.no_phai_tra_toan",""
"K_PTTT_104","Sức khỏe thị trường & Vĩ mô","Nhóm 7 - Biểu đồ áp lực ngành","Biến động áp lực (ΔStress Score)","Phái sinh","PTTT","","","","","Pending - chưa thiết kế nguồn"
"K_PTTT_90","Sức khỏe thị trường & Vĩ mô","Nhóm 7 - Biểu đồ áp lực ngành","Sector Stress Score – Chỉ số mức độ căng thẳng ngành","Phái sinh","PTTT","","","","","Pending - chưa thiết kế nguồn"
"K_PTTT_90","Sức khỏe thị trường & Vĩ mô","Nhóm 7 - Biểu đồ áp lực ngành","Sector Stress Score – Chỉ số mức độ căng thẳng ngành","Phái sinh","PTTT","","","","","Pending - chưa thiết kế nguồn"
"K_PTTT_105","Sức khỏe thị trường & Vĩ mô","Nhóm 7 - Biểu đồ áp lực ngành","Xếp hạng ngành theo Stress Score","Phái sinh","PTTT","","","","","Pending - chưa thiết kế nguồn"
"K_PTTT_106","Thanh khoản & Đòn bẩy","Nhóm 8/9 - Thanh khoản thị trường","Thời gian thống kê (Ngày)","Chiều","PTTT","Fact Meta Liquidity Snapshot","Thời gian thống kê (Ngày)","SLICER","fct_mta_liq_snpst.thoi_gian_thong_ke",""
"K_PTTT_107","Thanh khoản & Đòn bẩy","Nhóm 8/9 - Thanh khoản thị trường","GTGD phiên (Tổng GTGD toàn thị trường trong ngày)","Phái sinh","PTTT","","","","","Pending - chưa thiết kế nguồn"
"K_PTTT_108","Thanh khoản & Đòn bẩy","Nhóm 8/9 - Thanh khoản thị trường","GTGDₜ","Cơ sở","PTTT","Fact Meta Liquidity Snapshot","GTGDₜ","MEASURE","fct_mta_liq_snpst.gtgd",""
"K_PTTT_109","Thanh khoản & Đòn bẩy","Nhóm 8/9 - Thanh khoản thị trường","GTGDt-1","Cơ sở","PTTT","Fact Meta Liquidity Snapshot","GTGDt-1","MEASURE","fct_mta_liq_snpst.gtgdt-1",""
"K_PTTT_110","Thanh khoản & Đòn bẩy","Nhóm 8/9 - Thanh khoản thị trường","% thay đổi GTGD","Phái sinh","PTTT","","","DERIVED","(GTGDₜ − GTGDt-1) / GTGDt-1 × 100",""
"K_PTTT_116","Thanh khoản & Đòn bẩy","Nhóm 8/9 - Thanh khoản thị trường","Khối lượng giao dịch khớp lệnh tại ngày","Cơ sở","PTTT","Fact Meta Liquidity Snapshot","Khối lượng giao dịch khớp lệnh tại ngày","MEASURE","fct_mta_liq_snpst.khoi_luong_giao_dich",""
"K_PTTT_114","Thanh khoản & Đòn bẩy","Nhóm 8/9 - Thanh khoản thị trường","Quy mô lệnh trung bình (Avg Order Size)","Phái sinh","PTTT","","","DERIVED","Tổng GTGD khớp lệnh / Tổng số lệnh khớp",""
"K_PTTT_112","Thanh khoản & Đòn bẩy","Nhóm 8/9 - Thanh khoản thị trường","Tổng GTGD khớp lệnh","Phái sinh","PTTT","","","DERIVED","Σ acm_val tích lũy cuối ngày từ Security Match Log",""
"K_PTTT_113","Thanh khoản & Đòn bẩy","Nhóm 8/9 - Thanh khoản thị trường","Tổng số lệnh khớp","Phái sinh","PTTT","","","DERIVED","Σ số bản tin TransLog trong ngày (count)",""
"K_PTTT_115","Thanh khoản & Đòn bẩy","Nhóm 8/9 - Thanh khoản thị trường","GTGD khớp lệnh tại ngày","Phái sinh","PTTT","","","DERIVED","acm_val tích lũy cuối ngày tại ngày t (per mã, sau aggregate toàn sàn)",""
"K_PTTT_116","Thanh khoản & Đòn bẩy","Nhóm 8/9 - Thanh khoản thị trường","Khối lượng giao dịch khớp lệnh tại ngày","Cơ sở","PTTT","Fact Meta Liquidity Snapshot","Khối lượng giao dịch khớp lệnh tại ngày","MEASURE","fct_mta_liq_snpst.khoi_luong_giao_dich",""
"K_PTTT_117","Thanh khoản & Đòn bẩy","Nhóm 8/9 - Thanh khoản thị trường","Tốc độ vòng quay thị trường (TVI Market)","Phái sinh","PTTT","","","DERIVED","",""
"K_PTTT_118","Thanh khoản & Đòn bẩy","Nhóm 8/9 - Thanh khoản thị trường","Phân loại TVI (A/B/C/D)","Phái sinh","PTTT","","","","","Pending - chưa thiết kế nguồn"
"K_PTTT_107","Thanh khoản & Đòn bẩy","Nhóm 8/9 - Thanh khoản thị trường","GTGD phiên (Tổng GTGD toàn thị trường trong ngày)","Phái sinh","PTTT","","","DERIVED","Σ acm_val cuối ngày của tất cả mã trong ngày",""
"K_PTTT_119","Thanh khoản & Đòn bẩy","Nhóm 8/9 - Thanh khoản thị trường","Σ Average Market Cap toàn thị trường","Phái sinh","PTTT","","","","","Pending - chưa thiết kế nguồn"
"K_PTTT_120","Thanh khoản & Đòn bẩy","Nhóm 8/9 - Thanh khoản thị trường","Vốn hóa từng mã ngày t (MarketCapₜ)","Phái sinh","PTTT","","","","","Pending - chưa thiết kế nguồn"
"K_PTTT_120","Thanh khoản & Đòn bẩy","Nhóm 8/9 - Thanh khoản thị trường","Vốn hóa từng mã ngày t (MarketCapₜ)","Phái sinh","PTTT","","","","","Pending - chưa thiết kế nguồn"
"K_PTTT_116","Thanh khoản & Đòn bẩy","Nhóm 8/9 - Thanh khoản thị trường","Khối lượng giao dịch khớp lệnh tại ngày","Cơ sở","PTTT","Fact Meta Liquidity Snapshot","Khối lượng giao dịch khớp lệnh tại ngày","MEASURE","fct_mta_liq_snpst.khoi_luong_giao_dich",""
"K_PTTT_108","Thanh khoản & Đòn bẩy","Nhóm 8/9 - Thanh khoản thị trường","GTGDₜ","Cơ sở","PTTT","","","","","Pending - chưa thiết kế nguồn"
"K_PTTT_106","Thanh khoản & Đòn bẩy","Nhóm 8/9 - Thanh khoản thị trường","Thời gian thống kê (Ngày)","Chiều","PTTT","Fact Meta Liquidity Snapshot","Thời gian thống kê (Ngày)","SLICER","fct_mta_liq_snpst.thoi_gian_thong_ke",""
"K_PTTT_108","Thanh khoản & Đòn bẩy","Nhóm 8/9 - Thanh khoản thị trường","GTGDₜ","Cơ sở","PTTT","","","","","Pending - chưa thiết kế nguồn"
"K_PTTT_111","Thanh khoản & Đòn bẩy","Nhóm 8/9 - Thanh khoản thị trường","GTGD (MA50)","Phái sinh","PTTT","","","DERIVED","Trung bình động 50 phiên của GTGD khớp lệnh",""
"K_PTTT_116","Thanh khoản & Đòn bẩy","Nhóm 8/9 - Thanh khoản thị trường","Khối lượng giao dịch khớp lệnh tại ngày","Cơ sở","PTTT","Fact Meta Liquidity Snapshot","Khối lượng giao dịch khớp lệnh tại ngày","MEASURE","fct_mta_liq_snpst.khoi_luong_giao_dich",""
"K_PTTT_116","Thanh khoản & Đòn bẩy","Nhóm 8/9 - Thanh khoản thị trường","Khối lượng giao dịch khớp lệnh tại ngày","Cơ sở","PTTT","Fact Meta Liquidity Snapshot","Khối lượng giao dịch khớp lệnh tại ngày","MEASURE","fct_mta_liq_snpst.khoi_luong_giao_dich",""
"K_PTTT_121","Thanh khoản & Đòn bẩy","Nhóm 10 - Áp lực đòn bẩy hệ thống","Dư nợ margin của các CTCK tại tháng","Cơ sở","PTTT","Operational Meta Margin Stress","Dư nợ margin của các CTCK tại tháng","SLICER","opr_mta_margin_stress.du_no_margin_cua","Auto-match thấp — cần review"
"K_PTTT_121","Thanh khoản & Đòn bẩy","Nhóm 10 - Áp lực đòn bẩy hệ thống","Dư nợ margin của các CTCK tại tháng","Cơ sở","PTTT","","","DERIVED","Member Report Indicator Value: chỉ tiêu dư nợ margin, lấy tháng gần nhất",""
"K_PTTT_122","Thanh khoản & Đòn bẩy","Nhóm 10 - Áp lực đòn bẩy hệ thống","Tỷ lệ bão hòa margin","Phái sinh","PTTT","","","DERIVED","Dư nợ margin / Tổng hạn mức margin × 100",""
"K_PTTT_127","Thanh khoản & Đòn bẩy","Nhóm 10 - Áp lực đòn bẩy hệ thống","Trạng thái Margin Stress","Phái sinh","PTTT","","","DERIVED","Phân loại (Normal / Thận trọng / Cảnh báo) tính từ Tỷ lệ bão hòa theo ngưỡng cấu hình",""
"K_PTTT_124","Thanh khoản & Đòn bẩy","Nhóm 10 - Áp lực đòn bẩy hệ thống","Margin tháng t","Cơ sở","PTTT","Operational Meta Margin Stress","Margin tháng t","MEASURE","opr_mta_margin_stress.margin_thang_t",""
"K_PTTT_124","Thanh khoản & Đòn bẩy","Nhóm 10 - Áp lực đòn bẩy hệ thống","Margin tháng t","Cơ sở","PTTT","Operational Meta Margin Stress","Margin tháng t","MEASURE","opr_mta_margin_stress.margin_thang_t",""
"K_PTTT_126","Thanh khoản & Đòn bẩy","Nhóm 10 - Áp lực đòn bẩy hệ thống","GTGD bình quân (Avg Trading Value)","Phái sinh","PTTT","","","DERIVED","Trung bình GTGD phiên trong tháng",""
"K_PTTT_124","Thanh khoản & Đòn bẩy","Nhóm 10 - Áp lực đòn bẩy hệ thống","Margin tháng t","Cơ sở","PTTT","Operational Meta Margin Stress","Margin tháng t","MEASURE","opr_mta_margin_stress.margin_thang_t",""
"K_PTTT_127","Thanh khoản & Đòn bẩy","Nhóm 10 - Áp lực đòn bẩy hệ thống","Trạng thái Margin Stress","Phái sinh","PTTT","","","","","Pending - chưa thiết kế nguồn"
"K_PTTT_245","Thanh khoản & Đòn bẩy","Nhóm 11 - Cấu trúc quy mô lệnh","Quy mô lệnh (phân loại theo GTGD)","Chiều","PTTT","Fact Meta Liquidity Snapshot","Quy mô lệnh (phân loại theo GTGD)","SLICER","fct_mta_liq_snpst.quy_mo_lenh_(phan",""
"K_PTTT_246","Thanh khoản & Đòn bẩy","Nhóm 11 - Cấu trúc quy mô lệnh","GTGD theo nhóm quy mô lệnh","Phái sinh","PTTT","","","","","Pending - chưa thiết kế nguồn"
"K_PTTT_246","Thanh khoản & Đòn bẩy","Nhóm 11 - Cấu trúc quy mô lệnh","GTGD theo nhóm quy mô lệnh","Phái sinh","PTTT","","","DERIVED","Σ (KL khớp × Giá khớp) nhóm theo quy mô lệnh trong ngày",""
"K_PTTT_247","Thanh khoản & Đòn bẩy","Nhóm 11 - Cấu trúc quy mô lệnh","KL khớp theo nhóm quy mô lệnh","Cơ sở","PTTT","Fact Meta Liquidity Snapshot","KL khớp theo nhóm quy mô lệnh","MEASURE","fct_mta_liq_snpst.kl_khop_theo_nhom",""
"K_PTTT_247","Thanh khoản & Đòn bẩy","Nhóm 11 - Cấu trúc quy mô lệnh","KL khớp theo nhóm quy mô lệnh","Cơ sở","PTTT","Fact Meta Liquidity Snapshot","KL khớp theo nhóm quy mô lệnh","MEASURE","fct_mta_liq_snpst.kl_khop_theo_nhom",""
"K_PTTT_251","Thanh khoản & Đòn bẩy","Nhóm 12 - Phân bổ thanh khoản theo nhóm vốn hóa","Nhóm vốn hóa","Chiều","PTTT","Fact Meta Liquidity Snapshot","Nhóm vốn hóa","SLICER","fct_mta_liq_snpst.nhom_von_hoa",""
"K_PTTT_251","Thanh khoản & Đòn bẩy","Nhóm 12 - Phân bổ thanh khoản theo nhóm vốn hóa","Nhóm vốn hóa","Chiều","PTTT","","","","","Pending - chưa thiết kế nguồn"
"K_PTTT_253","Thanh khoản & Đòn bẩy","Nhóm 12 - Phân bổ thanh khoản theo nhóm vốn hóa","Phân loại vốn hóa (Large/Mid/Small)","Phái sinh","PTTT","","","","","Pending - chưa thiết kế nguồn"
"K_PTTT_252","Thanh khoản & Đòn bẩy","Nhóm 12 - Phân bổ thanh khoản theo nhóm vốn hóa","Vốn hóa MarketCap","Phái sinh","PTTT","","","","","Pending - chưa thiết kế nguồn"
"K_PTTT_254","Thanh khoản & Đòn bẩy","Nhóm 12 - Phân bổ thanh khoản theo nhóm vốn hóa","Giá khớp bình quân theo nhóm vốn hóa","Cơ sở","PTTT","Fact Meta Liquidity Snapshot","Giá khớp bình quân theo nhóm vốn hóa","MEASURE","fct_mta_liq_snpst.gia_khop_binh_quan",""
"K_PTTT_254","Thanh khoản & Đòn bẩy","Nhóm 12 - Phân bổ thanh khoản theo nhóm vốn hóa","Giá khớp bình quân theo nhóm vốn hóa","Cơ sở","PTTT","","","","","Pending - chưa thiết kế nguồn"
"K_PTTT_250","Thanh khoản & Đòn bẩy","Nhóm 12 - Phân bổ thanh khoản theo nhóm vốn hóa","Tỷ trọng thanh khoản của từng nhóm vốn hóa","Phái sinh","PTTT","","","DERIVED","GTGD nhóm vốn hóa / Tổng GTGD toàn thị trường × 100",""
"K_PTTT_249","Thanh khoản & Đòn bẩy","Nhóm 12 - Phân bổ thanh khoản theo nhóm vốn hóa","GTGD nhóm vốn hóa","Phái sinh","PTTT","","","DERIVED","Σ (KL khớp × Giá khớp) nhóm theo phân loại vốn hóa từ Securities Trade",""
"K_PTTT_254","Thanh khoản & Đòn bẩy","Nhóm 12 - Phân bổ thanh khoản theo nhóm vốn hóa","Giá khớp bình quân theo nhóm vốn hóa","Cơ sở","PTTT","Fact Meta Liquidity Snapshot","Giá khớp bình quân theo nhóm vốn hóa","MEASURE","fct_mta_liq_snpst.gia_khop_binh_quan",""
"K_PTTT_254","Thanh khoản & Đòn bẩy","Nhóm 12 - Phân bổ thanh khoản theo nhóm vốn hóa","Giá khớp bình quân theo nhóm vốn hóa","Cơ sở","PTTT","Fact Meta Liquidity Snapshot","Giá khớp bình quân theo nhóm vốn hóa","MEASURE","fct_mta_liq_snpst.gia_khop_binh_quan",""
"K_PTTT_128","Dòng tiền & Cơ cấu nhà đầu tư","Nhóm 13 - Chỉ số chung","Nhóm nhà đầu tư","Chiều","PTTT","Fact Meta Investor Flow","Nhóm nhà đầu tư","SLICER","fct_mta_ivsr_flw.nhom_nha_au_tu",""
"K_PTTT_129","Dòng tiền & Cơ cấu nhà đầu tư","Nhóm 13 - Chỉ số chung","Dòng tiền ròng nhóm NĐT NĐTNN","Phái sinh","PTTT","","","","","Pending - chưa thiết kế nguồn"
"K_PTTT_130","Dòng tiền & Cơ cấu nhà đầu tư","Nhóm 13 - Chỉ số chung","Dòng tiền ròng nhóm NĐT Tự doanh","Phái sinh","PTTT","","","","","Pending - chưa thiết kế nguồn"
"K_PTTT_131","Dòng tiền & Cơ cấu nhà đầu tư","Nhóm 13 - Chỉ số chung","Dòng tiền ròng nhóm NĐT Tổ chức trong nước","Phái sinh","PTTT","","","","","Pending - chưa thiết kế nguồn"
"K_PTTT_132","Dòng tiền & Cơ cấu nhà đầu tư","Nhóm 13 - Chỉ số chung","Dòng tiền ròng nhóm NĐT Cá nhân trong nước","Phái sinh","PTTT","","","","","Pending - chưa thiết kế nguồn"
"K_PTTT_129","Dòng tiền & Cơ cấu nhà đầu tư","Nhóm 13 - Chỉ số chung","Dòng tiền ròng nhóm NĐT NĐTNN","Phái sinh","PTTT","","","DERIVED","Σ GTGD mua NĐTNN − Σ GTGD bán NĐTNN trong ngày",""
"K_PTTT_129","Dòng tiền & Cơ cấu nhà đầu tư","Nhóm 13 - Chỉ số chung","Dòng tiền ròng nhóm NĐT NĐTNN","Phái sinh","PTTT","","","DERIVED","Σ GTGD mua NĐTNN − Σ GTGD bán NĐTNN trong ngày",""
"K_PTTT_130","Dòng tiền & Cơ cấu nhà đầu tư","Nhóm 13 - Chỉ số chung","Dòng tiền ròng nhóm NĐT Tự doanh","Phái sinh","PTTT","","","DERIVED","Σ GTGD mua Tự doanh − Σ GTGD bán Tự doanh trong ngày",""
"K_PTTT_130","Dòng tiền & Cơ cấu nhà đầu tư","Nhóm 13 - Chỉ số chung","Dòng tiền ròng nhóm NĐT Tự doanh","Phái sinh","PTTT","","","DERIVED","Σ GTGD mua Tự doanh − Σ GTGD bán Tự doanh trong ngày",""
"K_PTTT_131","Dòng tiền & Cơ cấu nhà đầu tư","Nhóm 13 - Chỉ số chung","Dòng tiền ròng nhóm NĐT Tổ chức trong nước","Phái sinh","PTTT","","","DERIVED","Σ GTGD mua Tổ chức trong nước − Σ GTGD bán Tổ chức trong nước trong ngày",""
"K_PTTT_131","Dòng tiền & Cơ cấu nhà đầu tư","Nhóm 13 - Chỉ số chung","Dòng tiền ròng nhóm NĐT Tổ chức trong nước","Phái sinh","PTTT","","","DERIVED","Σ GTGD mua Tổ chức trong nước − Σ GTGD bán Tổ chức trong nước trong ngày",""
"K_PTTT_132","Dòng tiền & Cơ cấu nhà đầu tư","Nhóm 13 - Chỉ số chung","Dòng tiền ròng nhóm NĐT Cá nhân trong nước","Phái sinh","PTTT","","","DERIVED","Σ GTGD mua Cá nhân trong nước − Σ GTGD bán Cá nhân trong nước trong ngày",""
"K_PTTT_132","Dòng tiền & Cơ cấu nhà đầu tư","Nhóm 13 - Chỉ số chung","Dòng tiền ròng nhóm NĐT Cá nhân trong nước","Phái sinh","PTTT","","","DERIVED","Σ GTGD mua Cá nhân trong nước − Σ GTGD bán Cá nhân trong nước trong ngày",""
"K_PTTT_128","Dòng tiền & Cơ cấu nhà đầu tư","Nhóm 13 - Chỉ số chung","Nhóm nhà đầu tư","Chiều","PTTT","Fact Meta Investor Flow","Nhóm nhà đầu tư","MEASURE","fct_mta_ivsr_flw.nhom_nha_au_tu","Auto-match thấp — cần review"
"K_PTTT_128","Dòng tiền & Cơ cấu nhà đầu tư","Nhóm 13 - Chỉ số chung","Nhóm nhà đầu tư","Chiều","PTTT","Fact Meta Investor Flow","Nhóm nhà đầu tư","MEASURE","fct_mta_ivsr_flw.nhom_nha_au_tu","Auto-match thấp — cần review"
"K_PTTT_147","Dòng tiền & Cơ cấu nhà đầu tư","Nhóm 14 - Tương quan dòng tiền khối ngoại và tự doanh","Hệ số tương quan dòng tiền NĐTNN & Tự doanh","Phái sinh","PTTT","Fact Meta Investor Flow","Hệ số tương quan dòng tiền NĐTNN & Tự doanh","SLICER","fct_mta_ivsr_flw.he_so_tuong_quan","Auto-match thấp — cần review"
"K_PTTT_148","Dòng tiền & Cơ cấu nhà đầu tư","Nhóm 14 - Tương quan dòng tiền khối ngoại và tự doanh","Dòng tiền ròng NĐTNN trung bình 30 phiên","Phái sinh","PTTT","","","","","Trùng - xem K_PTTT_148"
"K_PTTT_148","Dòng tiền & Cơ cấu nhà đầu tư","Nhóm 14 - Tương quan dòng tiền khối ngoại và tự doanh","Dòng tiền ròng NĐTNN trung bình 30 phiên","Phái sinh","PTTT","","","","","Trùng - xem K_PTTT_148"
"K_PTTT_148","Dòng tiền & Cơ cấu nhà đầu tư","Nhóm 14 - Tương quan dòng tiền khối ngoại và tự doanh","Dòng tiền ròng NĐTNN trung bình 30 phiên","Phái sinh","PTTT","","","","","Trùng - xem K_PTTT_148"
"K_PTTT_149","Dòng tiền & Cơ cấu nhà đầu tư","Nhóm 14 - Tương quan dòng tiền khối ngoại và tự doanh","Dòng tiền ròng Tự doanh tại ngày t","Phái sinh","PTTT","","","","","Trùng - xem K_PTTT_149"
"K_PTTT_149","Dòng tiền & Cơ cấu nhà đầu tư","Nhóm 14 - Tương quan dòng tiền khối ngoại và tự doanh","Dòng tiền ròng Tự doanh tại ngày t","Phái sinh","PTTT","","","","","Trùng - xem K_PTTT_149"
"K_PTTT_149","Dòng tiền & Cơ cấu nhà đầu tư","Nhóm 14 - Tương quan dòng tiền khối ngoại và tự doanh","Dòng tiền ròng Tự doanh tại ngày t","Phái sinh","PTTT","","","","","Trùng - xem K_PTTT_149"
"K_PTTT_147","Dòng tiền & Cơ cấu nhà đầu tư","Nhóm 14 - Tương quan dòng tiền khối ngoại và tự doanh","Hệ số tương quan dòng tiền NĐTNN & Tự doanh","Phái sinh","PTTT","","","","","Pending - chưa thiết kế nguồn"
"K_PTTT_149","Dòng tiền & Cơ cấu nhà đầu tư","Nhóm 14 - Tương quan dòng tiền khối ngoại và tự doanh","Dòng tiền ròng Tự doanh tại ngày t","Phái sinh","PTTT","","","","","Trùng - xem K_PTTT_149"
"K_PTTT_148","Dòng tiền & Cơ cấu nhà đầu tư","Nhóm 14 - Tương quan dòng tiền khối ngoại và tự doanh","Dòng tiền ròng NĐTNN trung bình 30 phiên","Phái sinh","PTTT","","","DERIVED","AVG(Net_Flow_NDTNN, 30 phiên gần nhất)",""
"K_PTTT_149","Dòng tiền & Cơ cấu nhà đầu tư","Nhóm 14 - Tương quan dòng tiền khối ngoại và tự doanh","Dòng tiền ròng Tự doanh tại ngày t","Phái sinh","PTTT","","","","","Trùng - xem K_PTTT_149"
"K_PTTT_150","Dòng tiền & Cơ cấu nhà đầu tư","Nhóm 14 - Tương quan dòng tiền khối ngoại và tự doanh","Dòng tiền ròng Tự doanh trung bình 30 phiên","Phái sinh","PTTT","","","DERIVED","AVG(Net_Flow_TuDoanh, 30 phiên gần nhất)",""
"K_PTTT_133","Dòng tiền & Cơ cấu nhà đầu tư","Nhóm 15 - Cấu trúc nhà đầu tư","GTGD mua NĐTNN","Phái sinh","PTTT","Fact Meta Investor Flow","GTGD mua NĐTNN","SLICER","fct_mta_ivsr_flw.gtgd_mua_ntnn","Auto-match thấp — cần review"
"K_PTTT_139","Dòng tiền & Cơ cấu nhà đầu tư","Nhóm 15 - Cấu trúc nhà đầu tư","GTGD mua Cá nhân trong nước","Phái sinh","PTTT","","","DERIVED","Σ (KLGD × Giá khớp): Buy_Investor_Classification_Code = '8000'",""
"K_PTTT_144","Dòng tiền & Cơ cấu nhà đầu tư","Nhóm 15 - Cấu trúc nhà đầu tư","Tỷ trọng GTGD (%) Cá nhân nước ngoài","Phái sinh","PTTT","","","DERIVED","GTGD mua NĐTNN cá nhân / Tổng GTGD toàn thị trường × 100",""
"K_PTTT_137","Dòng tiền & Cơ cấu nhà đầu tư","Nhóm 15 - Cấu trúc nhà đầu tư","GTGD mua Tổ chức trong nước","Phái sinh","PTTT","","","DERIVED","Σ (KLGD × Giá khớp): Buy_Investor_Classification_Code ≠ '8000', Buy_Client_House = '10'",""
"K_PTTT_146","Dòng tiền & Cơ cấu nhà đầu tư","Nhóm 15 - Cấu trúc nhà đầu tư","Tỷ trọng GTGD (%) Tổ chức nước ngoài","Phái sinh","PTTT","","","DERIVED","GTGD mua NĐTNN tổ chức / Tổng GTGD toàn thị trường × 100",""
"K_PTTT_143","Dòng tiền & Cơ cấu nhà đầu tư","Nhóm 15 - Cấu trúc nhà đầu tư","Tỷ trọng GTGD (%) Cá nhân trong nước","Phái sinh","PTTT","","","","","Pending - chưa thiết kế nguồn"
"K_PTTT_144","Dòng tiền & Cơ cấu nhà đầu tư","Nhóm 15 - Cấu trúc nhà đầu tư","Tỷ trọng GTGD (%) Cá nhân nước ngoài","Phái sinh","PTTT","","","","","Pending - chưa thiết kế nguồn"
"K_PTTT_145","Dòng tiền & Cơ cấu nhà đầu tư","Nhóm 15 - Cấu trúc nhà đầu tư","Tỷ trọng GTGD (%) Tổ chức trong nước","Phái sinh","PTTT","","","","","Pending - chưa thiết kế nguồn"
"K_PTTT_146","Dòng tiền & Cơ cấu nhà đầu tư","Nhóm 15 - Cấu trúc nhà đầu tư","Tỷ trọng GTGD (%) Tổ chức nước ngoài","Phái sinh","PTTT","","","","","Pending - chưa thiết kế nguồn"
"K_PTTT_151","Dòng tiền & Cơ cấu nhà đầu tư","Nhóm 16/17 - Top mua bán ròng","Mã CK","Chiều","PTTT","Fact Meta Investor Flow","Mã CK","SLICER","fct_mta_ivsr_flw.ma_ck",""
"K_PTTT_151","Dòng tiền & Cơ cấu nhà đầu tư","Nhóm 16/17 - Top mua bán ròng","Mã CK","Chiều","PTTT","Fact Meta Investor Flow","Mã CK","SLICER","fct_mta_ivsr_flw.ma_ck",""
"K_PTTT_152","Dòng tiền & Cơ cấu nhà đầu tư","Nhóm 16/17 - Top mua bán ròng","GTGD mua NĐTNN theo mã CK","Phái sinh","PTTT","","","DERIVED","Σ (KLGD × Giá khớp): Buy_Foreigner_Investor_Type IN ('10','20'), per symbol, per ngày",""
"K_PTTT_153","Dòng tiền & Cơ cấu nhà đầu tư","Nhóm 16/17 - Top mua bán ròng","GTGD bán NĐTNN theo mã CK","Phái sinh","PTTT","","","DERIVED","Σ (KLGD × Giá khớp): Sell_Foreigner_Investor_Type IN ('10','20'), per symbol, per ngày",""
"K_PTTT_154","Dòng tiền & Cơ cấu nhà đầu tư","Nhóm 16/17 - Top mua bán ròng","Dòng tiền ròng NĐTNN theo mã CK","Phái sinh","PTTT","","","DERIVED","GTGD mua NĐTNN − GTGD bán NĐTNN per symbol",""
"K_PTTT_151","Dòng tiền & Cơ cấu nhà đầu tư","Nhóm 16/17 - Top mua bán ròng","Mã CK","Chiều","PTTT","Fact Meta Investor Flow","Mã CK","SLICER","fct_mta_ivsr_flw.ma_ck",""
"K_PTTT_151","Dòng tiền & Cơ cấu nhà đầu tư","Nhóm 16/17 - Top mua bán ròng","Mã CK","Chiều","PTTT","Fact Meta Investor Flow","Mã CK","SLICER","fct_mta_ivsr_flw.ma_ck",""
"K_PTTT_155","Dòng tiền & Cơ cấu nhà đầu tư","Nhóm 16/17 - Top mua bán ròng","GTGD mua Tự doanh theo mã CK","Phái sinh","PTTT","","","DERIVED","Σ (KLGD × Giá khớp): Buy_Client_House IN ('30'), per symbol, per ngày",""
"K_PTTT_156","Dòng tiền & Cơ cấu nhà đầu tư","Nhóm 16/17 - Top mua bán ròng","GTGD bán Tự doanh theo mã CK","Phái sinh","PTTT","","","DERIVED","Σ (KLGD × Giá khớp): Sell_Client_House IN ('30'), per symbol, per ngày",""
"K_PTTT_157","Dòng tiền & Cơ cấu nhà đầu tư","Nhóm 16/17 - Top mua bán ròng","Dòng tiền ròng Tự doanh theo mã CK","Phái sinh","PTTT","","","DERIVED","GTGD mua Tự doanh − GTGD bán Tự doanh per symbol",""
"K_PTTT_158","Trái phiếu doanh nghiệp","Nhóm 18 - Chỉ số chung","Thời gian (ngày thống kê)","Chiều","PTTT","","","","","Pending - chưa thiết kế nguồn"
"K_PTTT_158","Trái phiếu doanh nghiệp","Nhóm 18 - Chỉ số chung","Thời gian (ngày thống kê)","Chiều","PTTT","","","","","Pending - chưa thiết kế nguồn"
"K_PTTT_158","Trái phiếu doanh nghiệp","Nhóm 18 - Chỉ số chung","Thời gian (ngày thống kê)","Chiều","PTTT","","","","","Pending - chưa thiết kế nguồn"
"K_PTTT_158","Trái phiếu doanh nghiệp","Nhóm 18 - Chỉ số chung","Thời gian (ngày thống kê)","Chiều","PTTT","","","","","Pending - chưa thiết kế nguồn"
"K_PTTT_158","Trái phiếu doanh nghiệp","Nhóm 18 - Chỉ số chung","Thời gian (ngày thống kê)","Chiều","PTTT","","","","","Pending - chưa thiết kế nguồn"
"K_PTTT_158","Trái phiếu doanh nghiệp","Nhóm 18 - Chỉ số chung","Thời gian (ngày thống kê)","Chiều","PTTT","","","","","Pending - chưa thiết kế nguồn"
"K_PTTT_158","Trái phiếu doanh nghiệp","Nhóm 18 - Chỉ số chung","Thời gian (ngày thống kê)","Chiều","PTTT","","","","","Pending - chưa thiết kế nguồn"
"K_PTTT_158","Trái phiếu doanh nghiệp","Nhóm 18 - Chỉ số chung","Thời gian (ngày thống kê)","Chiều","PTTT","","","","","Pending - chưa thiết kế nguồn"
"K_PTTT_158","Trái phiếu doanh nghiệp","Nhóm 18 - Chỉ số chung","Thời gian (ngày thống kê)","Chiều","PTTT","","","","","Pending - chưa thiết kế nguồn"
"K_PTTT_158","Trái phiếu doanh nghiệp","Nhóm 18 - Chỉ số chung","Thời gian (ngày thống kê)","Chiều","PTTT","","","","","Pending - chưa thiết kế nguồn"
"K_PTTT_158","Trái phiếu doanh nghiệp","Nhóm 18 - Chỉ số chung","Thời gian (ngày thống kê)","Chiều","PTTT","","","","","Pending - chưa thiết kế nguồn"
"K_PTTT_168","Trái phiếu doanh nghiệp","Nhóm 19 - Lịch biểu đáo hạn trái phiếu","Giá trị đáo hạn","Phái sinh","PTTT","","","","","Pending - chưa thiết kế nguồn"
"K_PTTT_168","Trái phiếu doanh nghiệp","Nhóm 19 - Lịch biểu đáo hạn trái phiếu","Giá trị đáo hạn","Phái sinh","PTTT","","","","","Pending - chưa thiết kế nguồn"
"K_PTTT_169","Trái phiếu doanh nghiệp","Nhóm 19 - Lịch biểu đáo hạn trái phiếu","Tổng dư nợ TP theo nhóm ngành","Phái sinh","PTTT","","","","","Pending - chưa thiết kế nguồn"
"K_PTTT_171","Trái phiếu doanh nghiệp","Nhóm 19 - Lịch biểu đáo hạn trái phiếu","Xếp hạng tín nhiệm DN","Cơ sở","PTTT","Operational Issuer Credit Monitor","Xếp hạng tín nhiệm DN","MEASURE","opr_isur_crdt_mnt.xep_hang_tin_nhiem",""
"K_PTTT_171","Trái phiếu doanh nghiệp","Nhóm 19 - Lịch biểu đáo hạn trái phiếu","Xếp hạng tín nhiệm DN","Cơ sở","PTTT","","","","","Pending - chưa thiết kế nguồn"
"K_PTTT_170","Trái phiếu doanh nghiệp","Nhóm 19 - Lịch biểu đáo hạn trái phiếu","Giá trị đáo hạn rủi ro cao","Phái sinh","PTTT","","","","","Pending - chưa thiết kế nguồn"
"K_PTTT_169","Trái phiếu doanh nghiệp","Nhóm 19 - Lịch biểu đáo hạn trái phiếu","Tổng dư nợ TP theo nhóm ngành","Phái sinh","PTTT","","","","","Trùng - xem K_PTTT_169"
"K_PTTT_171","Trái phiếu doanh nghiệp","Nhóm 19 - Lịch biểu đáo hạn trái phiếu","Xếp hạng tín nhiệm DN","Cơ sở","PTTT","","","","","Trùng - xem K_PTTT_171"
"K_PTTT_171","Trái phiếu doanh nghiệp","Nhóm 19 - Lịch biểu đáo hạn trái phiếu","Xếp hạng tín nhiệm DN","Cơ sở","PTTT","","","","","Trùng - xem K_PTTT_171"
"K_PTTT_171","Trái phiếu doanh nghiệp","Nhóm 19 - Lịch biểu đáo hạn trái phiếu","Xếp hạng tín nhiệm DN","Cơ sở","PTTT","","","","","Pending - chưa thiết kế nguồn"
"K_PTTT_172","Trái phiếu doanh nghiệp","Nhóm 20 - Cơ cấu nợ vay theo ngành","Ngành","Chiều","PTTT","Operational Issuer Credit Monitor","Ngành","SLICER","opr_isur_crdt_mnt.nganh",""
"K_PTTT_172","Trái phiếu doanh nghiệp","Nhóm 20 - Cơ cấu nợ vay theo ngành","Ngành","Chiều","PTTT","Operational Issuer Credit Monitor","Ngành","SLICER","opr_isur_crdt_mnt.nganh",""
"K_PTTT_173","Trái phiếu doanh nghiệp","Nhóm 20 - Cơ cấu nợ vay theo ngành","Tổng dư nợ TP theo nhóm ngành","Phái sinh","PTTT","","","DERIVED","",""
"K_PTTT_173","Trái phiếu doanh nghiệp","Nhóm 20 - Cơ cấu nợ vay theo ngành","Tổng dư nợ TP theo nhóm ngành","Phái sinh","PTTT","","","DERIVED","",""
"K_PTTT_174","Trái phiếu doanh nghiệp","Nhóm 20 - Cơ cấu nợ vay theo ngành","Tỷ trọng dư nợ theo nhóm ngành","Phái sinh","PTTT","","","DERIVED","",""
"K_PTTT_172","Trái phiếu doanh nghiệp","Nhóm 20 - Cơ cấu nợ vay theo ngành","Ngành","Chiều","PTTT","Operational Issuer Credit Monitor","Ngành","MEASURE","opr_isur_crdt_mnt.nganh","Auto-match thấp — cần review"
"K_PTTT_173","Trái phiếu doanh nghiệp","Nhóm 20 - Cơ cấu nợ vay theo ngành","Tổng dư nợ TP theo nhóm ngành","Phái sinh","PTTT","","","","","Pending - chưa thiết kế nguồn"
"K_PTTT_175","Trái phiếu doanh nghiệp","Nhóm 21 - Danh mục tổ chức phát hành cần giám sát tín dụng","Thời gian (ngày thống kê)","Chiều","PTTT","","","","","Pending - chưa thiết kế nguồn"
"K_PTTT_176","Trái phiếu doanh nghiệp","Nhóm 21 - Danh mục tổ chức phát hành cần giám sát tín dụng","Tổ chức phát hành","Chiều","PTTT","","","","","Pending - chưa thiết kế nguồn"
"K_PTTT_185","Trái phiếu doanh nghiệp","Nhóm 21 - Danh mục tổ chức phát hành cần giám sát tín dụng","Dư nợ","Phái sinh","PTTT","","","","","Pending - chưa thiết kế nguồn"
"K_PTTT_178","Trái phiếu doanh nghiệp","Nhóm 21 - Danh mục tổ chức phát hành cần giám sát tín dụng","Tổng nợ phải trả","Cơ sở","PTTT","Operational Issuer Credit Monitor","Tổng nợ phải trả","MEASURE","opr_isur_crdt_mnt.tong_no_phai_tra",""
"K_PTTT_178","Trái phiếu doanh nghiệp","Nhóm 21 - Danh mục tổ chức phát hành cần giám sát tín dụng","Tổng nợ phải trả","Cơ sở","PTTT","","","","","Pending - chưa thiết kế nguồn"
"K_PTTT_177","Trái phiếu doanh nghiệp","Nhóm 21 - Danh mục tổ chức phát hành cần giám sát tín dụng","D/E","Phái sinh","PTTT","","","DERIVED","Tổng nợ phải trả / VCSH",""
"K_PTTT_178","Trái phiếu doanh nghiệp","Nhóm 21 - Danh mục tổ chức phát hành cần giám sát tín dụng","Tổng nợ phải trả","Cơ sở","PTTT","Operational Issuer Credit Monitor","Tổng nợ phải trả","MEASURE","opr_isur_crdt_mnt.tong_no_phai_tra",""
"K_PTTT_179","Trái phiếu doanh nghiệp","Nhóm 21 - Danh mục tổ chức phát hành cần giám sát tín dụng","VCSH","Cơ sở","PTTT","Operational Issuer Credit Monitor","VCSH","MEASURE","opr_isur_crdt_mnt.vcsh",""
"K_PTTT_180","Trái phiếu doanh nghiệp","Nhóm 21 - Danh mục tổ chức phát hành cần giám sát tín dụng","ROE","Phái sinh","PTTT","","","DERIVED","LNST / VCSH bình quân × 100",""
"K_PTTT_181","Trái phiếu doanh nghiệp","Nhóm 21 - Danh mục tổ chức phát hành cần giám sát tín dụng","LNST","Cơ sở","PTTT","Operational Issuer Credit Monitor","LNST","MEASURE","opr_isur_crdt_mnt.lnst",""
"K_PTTT_182","Trái phiếu doanh nghiệp","Nhóm 21 - Danh mục tổ chức phát hành cần giám sát tín dụng","VCSH bình quân","Phái sinh","PTTT","Operational Issuer Credit Monitor","VCSH bình quân","MEASURE","opr_isur_crdt_mnt.vcsh_binh_quan",""
"K_PTTT_183","Trái phiếu doanh nghiệp","Nhóm 21 - Danh mục tổ chức phát hành cần giám sát tín dụng","VCSH đầu kỳ","Cơ sở","PTTT","Operational Issuer Credit Monitor","VCSH đầu kỳ","MEASURE","opr_isur_crdt_mnt.vcsh_au_ky",""
"K_PTTT_184","Trái phiếu doanh nghiệp","Nhóm 21 - Danh mục tổ chức phát hành cần giám sát tín dụng","VCSH cuối kỳ","Cơ sở","PTTT","Operational Issuer Credit Monitor","VCSH cuối kỳ","MEASURE","opr_isur_crdt_mnt.vcsh_cuoi_ky",""
"K_PTTT_186","Trái phiếu doanh nghiệp","Nhóm 21 - Danh mục tổ chức phát hành cần giám sát tín dụng","Ý kiến kiểm toán","Phái sinh","PTTT","","","","","Pending - chưa thiết kế nguồn"
"K_PTTT_187","Trái phiếu doanh nghiệp","Nhóm 21 - Danh mục tổ chức phát hành cần giám sát tín dụng","Xếp hạng tín nhiệm","Phái sinh","PTTT","","","","","Pending - chưa thiết kế nguồn"
"K_PTTT_188","Trái phiếu doanh nghiệp","Nhóm 21 - Danh mục tổ chức phát hành cần giám sát tín dụng","Xếp loại rủi ro","Phái sinh","PTTT","","","","","Pending - chưa thiết kế nguồn"
"K_PTTT_189","An toàn CTCK","Nhóm 22 - Bộ chỉ tiêu chung","Ngày thống kê","Chiều","PTTT","Fact Securities Company Safety Snapshot","Ngày thống kê","SLICER","fct_scr_co_sfty_snpst.ngay_thong_ke",""
"K_PTTT_192","An toàn CTCK","Nhóm 22 - Bộ chỉ tiêu chung","Tỷ lệ dư nợ margin / VCSH","Phái sinh","PTTT","","","DERIVED","K_PTTT_190 / K_PTTT_191 × 100",""
"K_PTTT_195","An toàn CTCK","Nhóm 22 - Bộ chỉ tiêu chung","Dư nợ margin per CTCK","Cơ sở","PTTT","Fact Securities Company Safety Snapshot","Dư nợ margin per CTCK","MEASURE","fct_scr_co_sfty_snpst.du_no_margin_per",""
"K_PTTT_196","An toàn CTCK","Nhóm 22 - Bộ chỉ tiêu chung","VCSH per CTCK","Cơ sở","PTTT","Fact Securities Company Safety Snapshot","VCSH per CTCK","MEASURE","fct_scr_co_sfty_snpst.vcsh_per_ctck",""
"K_PTTT_194","An toàn CTCK","Nhóm 22 - Bộ chỉ tiêu chung","Mã CTCK","Chiều","PTTT","","","","","Pending - chưa thiết kế nguồn"
"K_PTTT_194","An toàn CTCK","Nhóm 22 - Bộ chỉ tiêu chung","Mã CTCK","Chiều","PTTT","","","DERIVED","",""
"K_PTTT_197","An toàn CTCK","Nhóm 22 - Bộ chỉ tiêu chung","Tổng VCSH (toàn thị trường)","Phái sinh","PTTT","","","DERIVED","",""
"K_PTTT_198","An toàn CTCK","Nhóm 22 - Bộ chỉ tiêu chung","Hệ số đòn bẩy D/E trung bình","Phái sinh","PTTT","","","DERIVED","",""
"K_PTTT_195","An toàn CTCK","Nhóm 22 - Bộ chỉ tiêu chung","Dư nợ margin per CTCK","Cơ sở","PTTT","","","","","Pending - chưa thiết kế nguồn"
"K_PTTT_196","An toàn CTCK","Nhóm 22 - Bộ chỉ tiêu chung","VCSH per CTCK","Cơ sở","PTTT","Fact Securities Company Safety Snapshot","VCSH per CTCK","MEASURE","fct_scr_co_sfty_snpst.vcsh_per_ctck",""
"K_PTTT_199","An toàn CTCK","Nhóm 23 - Phân bổ dư nợ margin","Tỷ lệ dư nợ margin per CTCK","Phái sinh","PTTT","","","","","Pending - chưa thiết kế nguồn"
"K_PTTT_199","An toàn CTCK","Nhóm 23 - Phân bổ dư nợ margin","Tỷ lệ dư nợ margin per CTCK","Phái sinh","PTTT","","","","","Trùng - xem K_PTTT_199"
"K_PTTT_200","An toàn CTCK","Nhóm 23 - Phân bổ dư nợ margin","Xếp hạng tỷ lệ an toàn tài chính per CTCK","Phái sinh","PTTT","","","","","Trùng - xem K_PTTT_200"
"K_PTTT_199","An toàn CTCK","Nhóm 23 - Phân bổ dư nợ margin","Tỷ lệ dư nợ margin per CTCK","Phái sinh","PTTT","","","","","Pending - chưa thiết kế nguồn"
"K_PTTT_199","An toàn CTCK","Nhóm 23 - Phân bổ dư nợ margin","Tỷ lệ dư nợ margin per CTCK","Phái sinh","PTTT","","","","","Pending - chưa thiết kế nguồn"
"K_PTTT_201","An toàn CTCK","Nhóm 23 - Phân bổ dư nợ margin","Số lượng CTCK xếp hạng cao (≤120%)","Phái sinh","PTTT","","","","","Pending - chưa thiết kế nguồn"
"K_PTTT_202","An toàn CTCK","Nhóm 23 - Phân bổ dư nợ margin","Số lượng CTCK xếp hạng trung bình (121–160%)","Phái sinh","PTTT","","","","","Pending - chưa thiết kế nguồn"
"K_PTTT_203","An toàn CTCK","Nhóm 23 - Phân bổ dư nợ margin","Số lượng CTCK xếp hạng thấp (>160%)","Phái sinh","PTTT","","","","","Pending - chưa thiết kế nguồn"
"K_PTTT_204","An toàn CTCK","Nhóm 24 - Bản đồ tương quan vốn và dư nợ margin","Tổng nợ phải trả per CTCK","Cơ sở","PTTT","","","","","Pending - chưa thiết kế nguồn"
"K_PTTT_204","An toàn CTCK","Nhóm 24 - Bản đồ tương quan vốn và dư nợ margin","Tổng nợ phải trả per CTCK","Cơ sở","PTTT","","","","","Pending - chưa thiết kế nguồn"
"K_PTTT_204","An toàn CTCK","Nhóm 24 - Bản đồ tương quan vốn và dư nợ margin","Tổng nợ phải trả per CTCK","Cơ sở","PTTT","","","","","Pending - chưa thiết kế nguồn"
"K_PTTT_205","An toàn CTCK","Nhóm 24 - Bản đồ tương quan vốn và dư nợ margin","Xếp hạng tỷ lệ an toàn tài chính (scatter color)","Phái sinh","PTTT","","","","","Pending - chưa thiết kế nguồn"
"K_PTTT_205","An toàn CTCK","Nhóm 24 - Bản đồ tương quan vốn và dư nợ margin","Xếp hạng tỷ lệ an toàn tài chính (scatter color)","Phái sinh","PTTT","","","","","Trùng - xem K_PTTT_205"
"K_PTTT_205","An toàn CTCK","Nhóm 24 - Bản đồ tương quan vốn và dư nợ margin","Xếp hạng tỷ lệ an toàn tài chính (scatter color)","Phái sinh","PTTT","","","","","Trùng - xem K_PTTT_205"
"K_PTTT_193","An toàn CTCK","Nhóm 25 - Danh sách giám sát rủi ro dư nợ margin","Ngày thống kê (per CTCK)","Chiều","PTTT","","","","","Pending - chưa thiết kế nguồn"
"K_PTTT_193","An toàn CTCK","Nhóm 25 - Danh sách giám sát rủi ro dư nợ margin","Ngày thống kê (per CTCK)","Chiều","PTTT","","","","","Pending - chưa thiết kế nguồn"
"K_PTTT_193","An toàn CTCK","Nhóm 25 - Danh sách giám sát rủi ro dư nợ margin","Ngày thống kê (per CTCK)","Chiều","PTTT","","","","","Pending - chưa thiết kế nguồn"
"K_PTTT_193","An toàn CTCK","Nhóm 25 - Danh sách giám sát rủi ro dư nợ margin","Ngày thống kê (per CTCK)","Chiều","PTTT","","","","","Pending - chưa thiết kế nguồn"
"K_PTTT_206","Phái sinh","Nhóm 26 - HĐTL VN30 – Biến động trong phiên","Ngày","Chiều","PTTT","","","","","Pending - chưa thiết kế nguồn"
"K_PTTT_207","Phái sinh","Nhóm 26 - HĐTL VN30 – Biến động trong phiên","Hợp đồng tương lai","Chiều","PTTT","","","","","Pending - chưa thiết kế nguồn"
"K_PTTT_208","Phái sinh","Nhóm 26 - HĐTL VN30 – Biến động trong phiên","Giá trị chỉ số","Cơ sở","PTTT","","","","","Pending - chưa thiết kế nguồn"
"K_PTTT_209","Phái sinh","Nhóm 26 - HĐTL VN30 – Biến động trong phiên","KLGD","Phái sinh","PTTT","","","","","Pending - chưa thiết kế nguồn"
"K_PTTT_210","Phái sinh","Nhóm 26 - HĐTL VN30 – Biến động trong phiên","Vị thế mở (OI)","Cơ sở","PTTT","","","","","Pending - chưa thiết kế nguồn"
"K_PTTT_255","Phái sinh","Nhóm 27 - HĐTL VN30 – Biến động giá mạnh nhất","Mã CK (phái sinh)","Chiều","PTTT","","","","","Pending - chưa thiết kế nguồn"
"K_PTTT_255","Phái sinh","Nhóm 27 - HĐTL VN30 – Biến động giá mạnh nhất","Mã CK (phái sinh)","Chiều","PTTT","","","","","Pending - chưa thiết kế nguồn"
"K_PTTT_256","Phái sinh","Nhóm 27 - HĐTL VN30 – Biến động giá mạnh nhất","Tỷ lệ thay đổi giá (%)","Phái sinh","PTTT","","","","","Pending - chưa thiết kế nguồn"
"K_PTTT_213","Phái sinh","Nhóm 27 - HĐTL VN30 – Biến động giá mạnh nhất","KLGD hiện tại","Cơ sở","PTTT","","","","","Pending - chưa thiết kế nguồn"
"K_PTTT_213","Phái sinh","Nhóm 27 - HĐTL VN30 – Biến động giá mạnh nhất","KLGD hiện tại","Cơ sở","PTTT","","","","","Pending - chưa thiết kế nguồn"
"K_PTTT_256","Phái sinh","Nhóm 27 - HĐTL VN30 – Biến động giá mạnh nhất","Tỷ lệ thay đổi giá (%)","Phái sinh","PTTT","","","","","Pending - chưa thiết kế nguồn"
"K_PTTT_213","Phái sinh","Nhóm 27 - HĐTL VN30 – Biến động giá mạnh nhất","KLGD hiện tại","Cơ sở","PTTT","","","","","Pending - chưa thiết kế nguồn"
"K_PTTT_214","Phái sinh","Nhóm 27 - HĐTL VN30 – Biến động giá mạnh nhất","KLGD trung bình 50 phiên","Cơ sở","PTTT","","","","","Pending - chưa thiết kế nguồn"
"K_PTTT_221","Phái sinh","Nhóm 28 - HĐTL VN30 – Dòng tiền NĐT","Thời gian (Ngày) phái sinh","Chiều","PTTT","","","","","Pending - chưa thiết kế nguồn"
"K_PTTT_215","Phái sinh","Nhóm 28 - HĐTL VN30 – Dòng tiền NĐT","GTGD NĐTNN mua (phái sinh)","Phái sinh","PTTT","","","","","Pending - chưa thiết kế nguồn"
"K_PTTT_216","Phái sinh","Nhóm 28 - HĐTL VN30 – Dòng tiền NĐT","GTGD NĐTNN bán (phái sinh)","Phái sinh","PTTT","","","","","Pending - chưa thiết kế nguồn"
"K_PTTT_217","Phái sinh","Nhóm 28 - HĐTL VN30 – Dòng tiền NĐT","GTGD Tự doanh mua (phái sinh)","Phái sinh","PTTT","","","","","Pending - chưa thiết kế nguồn"
"K_PTTT_218","Phái sinh","Nhóm 28 - HĐTL VN30 – Dòng tiền NĐT","GTGD Tự doanh bán (phái sinh)","Phái sinh","PTTT","","","","","Pending - chưa thiết kế nguồn"
"K_PTTT_219","Phái sinh","Nhóm 28 - HĐTL VN30 – Dòng tiền NĐT","Dòng tiền ròng NĐTNN (phái sinh)","Phái sinh","PTTT","","","","","Pending - chưa thiết kế nguồn"
"K_PTTT_220","Phái sinh","Nhóm 28 - HĐTL VN30 – Dòng tiền NĐT","Dòng tiền ròng Tự doanh (phái sinh)","Phái sinh","PTTT","","","","","Pending - chưa thiết kế nguồn"
"K_PTTT_206","Phái sinh","Nhóm 29/30/31 - HĐTL VN100","Ngày","Chiều","PTTT","","","","","Pending - chưa thiết kế nguồn"
"K_PTTT_207","Phái sinh","Nhóm 29/30/31 - HĐTL VN100","Hợp đồng tương lai","Chiều","PTTT","","","","","Pending - chưa thiết kế nguồn"
"K_PTTT_208","Phái sinh","Nhóm 29/30/31 - HĐTL VN100","Giá trị chỉ số","Cơ sở","PTTT","","","","","Pending - chưa thiết kế nguồn"
"K_PTTT_215","Phái sinh","Nhóm 29/30/31 - HĐTL VN100","GTGD NĐTNN mua (phái sinh)","Phái sinh","PTTT","","","","","Pending - chưa thiết kế nguồn"
"K_PTTT_210","Phái sinh","Nhóm 29/30/31 - HĐTL VN100","Vị thế mở (OI)","Cơ sở","PTTT","","","","","Pending - chưa thiết kế nguồn"
"K_PTTT_206","Phái sinh","Nhóm 29/30/31 - HĐTL VN100","Ngày","Chiều","PTTT","","","","","Pending - chưa thiết kế nguồn"
"K_PTTT_206","Phái sinh","Nhóm 29/30/31 - HĐTL VN100","Ngày","Chiều","PTTT","","","","","Pending - chưa thiết kế nguồn"
"K_PTTT_206","Phái sinh","Nhóm 29/30/31 - HĐTL VN100","Ngày","Chiều","PTTT","","","","","Pending - chưa thiết kế nguồn"
"K_PTTT_208","Phái sinh","Nhóm 29/30/31 - HĐTL VN100","Giá trị chỉ số","Cơ sở","PTTT","","","","","Pending - chưa thiết kế nguồn"
"K_PTTT_211","Phái sinh","Nhóm 29/30/31 - HĐTL VN100","Giá đóng cửa ngày t","Cơ sở","PTTT","","","","","Pending - chưa thiết kế nguồn"
"K_PTTT_211","Phái sinh","Nhóm 29/30/31 - HĐTL VN100","Giá đóng cửa ngày t","Cơ sở","PTTT","","","","","Pending - chưa thiết kế nguồn"
"K_PTTT_206","Phái sinh","Nhóm 29/30/31 - HĐTL VN100","Ngày","Chiều","PTTT","","","","","Pending - chưa thiết kế nguồn"
"K_PTTT_213","Phái sinh","Nhóm 29/30/31 - HĐTL VN100","KLGD hiện tại","Cơ sở","PTTT","","","","","Pending - chưa thiết kế nguồn"
"K_PTTT_214","Phái sinh","Nhóm 29/30/31 - HĐTL VN100","KLGD trung bình 50 phiên","Cơ sở","PTTT","","","","","Pending - chưa thiết kế nguồn"
"K_PTTT_221","Phái sinh","Nhóm 29/30/31 - HĐTL VN100","Thời gian (Ngày) phái sinh","Chiều","PTTT","","","","","Pending - chưa thiết kế nguồn"
"K_PTTT_215","Phái sinh","Nhóm 29/30/31 - HĐTL VN100","GTGD NĐTNN mua (phái sinh)","Phái sinh","PTTT","","","","","Pending - chưa thiết kế nguồn"
"K_PTTT_216","Phái sinh","Nhóm 29/30/31 - HĐTL VN100","GTGD NĐTNN bán (phái sinh)","Phái sinh","PTTT","","","","","Pending - chưa thiết kế nguồn"
"K_PTTT_217","Phái sinh","Nhóm 29/30/31 - HĐTL VN100","GTGD Tự doanh mua (phái sinh)","Phái sinh","PTTT","","","","","Pending - chưa thiết kế nguồn"
"K_PTTT_218","Phái sinh","Nhóm 29/30/31 - HĐTL VN100","GTGD Tự doanh bán (phái sinh)","Phái sinh","PTTT","","","","","Pending - chưa thiết kế nguồn"
"K_PTTT_219","Phái sinh","Nhóm 29/30/31 - HĐTL VN100","Dòng tiền ròng NĐTNN (phái sinh)","Phái sinh","PTTT","","","","","Pending - chưa thiết kế nguồn"
"K_PTTT_220","Phái sinh","Nhóm 29/30/31 - HĐTL VN100","Dòng tiền ròng Tự doanh (phái sinh)","Phái sinh","PTTT","","","","","Pending - chưa thiết kế nguồn"
"K_PTTT_206","Phái sinh","Nhóm 32/33/34 - HĐTL TPCP","Ngày","Chiều","PTTT","","","","","Pending - chưa thiết kế nguồn"
"K_PTTT_207","Phái sinh","Nhóm 32/33/34 - HĐTL TPCP","Hợp đồng tương lai","Chiều","PTTT","","","","","Pending - chưa thiết kế nguồn"
"K_PTTT_208","Phái sinh","Nhóm 32/33/34 - HĐTL TPCP","Giá trị chỉ số","Cơ sở","PTTT","","","","","Pending - chưa thiết kế nguồn"
"K_PTTT_215","Phái sinh","Nhóm 32/33/34 - HĐTL TPCP","GTGD NĐTNN mua (phái sinh)","Phái sinh","PTTT","","","","","Pending - chưa thiết kế nguồn"
"K_PTTT_210","Phái sinh","Nhóm 32/33/34 - HĐTL TPCP","Vị thế mở (OI)","Cơ sở","PTTT","","","","","Pending - chưa thiết kế nguồn"
"K_PTTT_206","Phái sinh","Nhóm 32/33/34 - HĐTL TPCP","Ngày","Chiều","PTTT","","","","","Pending - chưa thiết kế nguồn"
"K_PTTT_255","Phái sinh","Nhóm 32/33/34 - HĐTL TPCP","Mã CK (phái sinh)","Chiều","PTTT","","","","","Pending - chưa thiết kế nguồn"
"K_PTTT_256","Phái sinh","Nhóm 32/33/34 - HĐTL TPCP","Tỷ lệ thay đổi giá (%)","Phái sinh","PTTT","","","","","Pending - chưa thiết kế nguồn"
"K_PTTT_211","Phái sinh","Nhóm 32/33/34 - HĐTL TPCP","Giá đóng cửa ngày t","Cơ sở","PTTT","","","","","Pending - chưa thiết kế nguồn"
"K_PTTT_211","Phái sinh","Nhóm 32/33/34 - HĐTL TPCP","Giá đóng cửa ngày t","Cơ sở","PTTT","","","","","Pending - chưa thiết kế nguồn"
"K_PTTT_257","Phái sinh","Nhóm 32/33/34 - HĐTL TPCP","Tỉ lệ đột biến thanh khoản","Phái sinh","PTTT","","","","","Pending - chưa thiết kế nguồn"
"K_PTTT_213","Phái sinh","Nhóm 32/33/34 - HĐTL TPCP","KLGD hiện tại","Cơ sở","PTTT","","","","","Pending - chưa thiết kế nguồn"
"K_PTTT_214","Phái sinh","Nhóm 32/33/34 - HĐTL TPCP","KLGD trung bình 50 phiên","Cơ sở","PTTT","","","","","Pending - chưa thiết kế nguồn"
"K_PTTT_221","Phái sinh","Nhóm 32/33/34 - HĐTL TPCP","Thời gian (Ngày) phái sinh","Chiều","PTTT","","","","","Pending - chưa thiết kế nguồn"
"K_PTTT_215","Phái sinh","Nhóm 32/33/34 - HĐTL TPCP","GTGD NĐTNN mua (phái sinh)","Phái sinh","PTTT","","","","","Pending - chưa thiết kế nguồn"
"K_PTTT_216","Phái sinh","Nhóm 32/33/34 - HĐTL TPCP","GTGD NĐTNN bán (phái sinh)","Phái sinh","PTTT","","","","","Pending - chưa thiết kế nguồn"
"K_PTTT_217","Phái sinh","Nhóm 32/33/34 - HĐTL TPCP","GTGD Tự doanh mua (phái sinh)","Phái sinh","PTTT","","","","","Pending - chưa thiết kế nguồn"
"K_PTTT_218","Phái sinh","Nhóm 32/33/34 - HĐTL TPCP","GTGD Tự doanh bán (phái sinh)","Phái sinh","PTTT","","","","","Pending - chưa thiết kế nguồn"
"K_PTTT_219","Phái sinh","Nhóm 32/33/34 - HĐTL TPCP","Dòng tiền ròng NĐTNN (phái sinh)","Phái sinh","PTTT","","","","","Pending - chưa thiết kế nguồn"
"K_PTTT_220","Phái sinh","Nhóm 32/33/34 - HĐTL TPCP","Dòng tiền ròng Tự doanh (phái sinh)","Phái sinh","PTTT","","","","","Pending - chưa thiết kế nguồn"
"K_PTTT_222","Data Explorer","Nhóm 35 - Thống kê theo chỉ số","Thời gian","Chiều","PTTT","","","","","Pending - chưa thiết kế nguồn"
"K_PTTT_223","Data Explorer","Nhóm 35 - Thống kê theo chỉ số","Chỉ số","Chiều","PTTT","","","","","Pending - chưa thiết kế nguồn"
"K_PTTT_224","Data Explorer","Nhóm 35 - Thống kê theo chỉ số","KLGD theo chỉ số","Cơ sở","PTTT","","","","","Pending - chưa thiết kế nguồn"
"K_PTTT_225","Data Explorer","Nhóm 35 - Thống kê theo chỉ số","Giá đóng cửa chỉ số","Cơ sở","PTTT","","","","","Pending - chưa thiết kế nguồn"
"K_PTTT_226","Data Explorer","Nhóm 35 - Thống kê theo chỉ số","% thay đổi giá","Phái sinh","PTTT","","","","","Pending - chưa thiết kế nguồn"
"K_PTTT_222","Data Explorer","Nhóm 35 - Thống kê theo chỉ số","Thời gian","Chiều","PTTT","","","","","Pending - chưa thiết kế nguồn"
"K_PTTT_227","Data Explorer","Nhóm 35 - Thống kê theo chỉ số","GTGD phiên theo chỉ số","Phái sinh","PTTT","","","","","Pending - chưa thiết kế nguồn"
"K_PTTT_228","Data Explorer","Nhóm 35 - Thống kê theo chỉ số","GTGD MA50","Phái sinh","PTTT","","","","","Pending - chưa thiết kế nguồn"
"K_PTTT_229","Data Explorer","Nhóm 35 - Thống kê theo chỉ số","Dư nợ Margin (theo chỉ số)","Phái sinh","PTTT","","","","","Pending - chưa thiết kế nguồn"
"K_PTTT_226","Data Explorer","Nhóm 35 - Thống kê theo chỉ số","% thay đổi giá","Phái sinh","PTTT","","","","","Pending - chưa thiết kế nguồn"
"K_PTTT_230","Data Explorer","Nhóm 36 - Theo ngành","Ngành nghề","Chiều","PTTT","","","","","Pending - chưa thiết kế nguồn"
"K_PTTT_231","Data Explorer","Nhóm 36 - Theo ngành","GTGD theo ngành","Cơ sở","PTTT","","","","","Pending - chưa thiết kế nguồn"
"K_PTTT_232","Data Explorer","Nhóm 36 - Theo ngành","Dòng tiền ròng NĐTNN theo ngành","Cơ sở","PTTT","","","","","Pending - chưa thiết kế nguồn"
"K_PTTT_233","Data Explorer","Nhóm 36 - Theo ngành","Dòng tiền ròng Tự doanh theo ngành","Cơ sở","PTTT","","","","","Pending - chưa thiết kế nguồn"
"K_PTTT_230","Data Explorer","Nhóm 36 - Theo ngành","Ngành nghề","Chiều","PTTT","","","","","Pending - chưa thiết kế nguồn"
"K_PTTT_234","Data Explorer","Nhóm 37 - Vốn hóa thị trường","Ngành nghề kinh tế","Chiều","PTTT","Fact Meta Score Flow","Ngành nghề kinh tế","SLICER","fct_mta_scr_flw.nganh_nghe_kinh_te",""
"K_PTTT_235","Data Explorer","Nhóm 37 - Vốn hóa thị trường","Thời gian","Chiều","PTTT","","","","","Pending - chưa thiết kế nguồn"
"K_PTTT_236","Data Explorer","Nhóm 37 - Vốn hóa thị trường","Chỉ số","Chiều","PTTT","","","","","Pending - chưa thiết kế nguồn"
"K_PTTT_237","Data Explorer","Nhóm 37 - Vốn hóa thị trường","Sàn","Chiều","PTTT","","","","","Pending - chưa thiết kế nguồn"
"K_PTTT_238","Data Explorer","Nhóm 37 - Vốn hóa thị trường","KLGD vốn hóa","Cơ sở","PTTT","","","","","Pending - chưa thiết kế nguồn"
"K_PTTT_238","Data Explorer","Nhóm 37 - Vốn hóa thị trường","KLGD vốn hóa","Cơ sở","PTTT","","","","","Pending - chưa thiết kế nguồn"
"K_PTTT_239","Data Explorer","Nhóm 37 - Vốn hóa thị trường","GTGD phiên vốn hóa","Phái sinh","PTTT","","","","","Pending - chưa thiết kế nguồn"
"K_PTTT_238","Data Explorer","Nhóm 37 - Vốn hóa thị trường","KLGD vốn hóa","Cơ sở","PTTT","","","","","Pending - chưa thiết kế nguồn"
"K_PTTT_240","Data Explorer","Nhóm 37 - Vốn hóa thị trường","Giá khớp","Cơ sở","PTTT","","","","","Pending - chưa thiết kế nguồn"
"K_PTTT_241","Data Explorer","Nhóm 37 - Vốn hóa thị trường","GTGD nhóm vốn hóa","Phái sinh","PTTT","","","","","Pending - chưa thiết kế nguồn"
"K_PTTT_240","Data Explorer","Nhóm 37 - Vốn hóa thị trường","Giá khớp","Cơ sở","PTTT","","","","","Pending - chưa thiết kế nguồn"
"K_PTTT_240","Data Explorer","Nhóm 37 - Vốn hóa thị trường","Giá khớp","Cơ sở","PTTT","","","","","Pending - chưa thiết kế nguồn"
"K_PTTT_242","Data Explorer","Nhóm 37 - Vốn hóa thị trường","GTGD/GDP (%)","Phái sinh","PTTT","","","","","Pending - chưa thiết kế nguồn"
