Tên bảng,Tên trường,Mô tả,Khóa,Ghi chú (FK suy luận)
BATCH_JOB_EXECUTION,JOB_EXECUTION_ID,,PK,
BATCH_JOB_EXECUTION,VERSION,,,
BATCH_JOB_EXECUTION,JOB_INSTANCE_ID,,FK,FK → BATCH_JOB_INSTANCE.JOB_INS
BATCH_JOB_EXECUTION,CREATE_TIME,,,
BATCH_JOB_EXECUTION,START_TIME,,,
BATCH_JOB_EXECUTION,END_TIME,,,
BATCH_JOB_EXECUTION,STATUS,,,
BATCH_JOB_EXECUTION,LAST_UPDATED,,,
BATCH_JOB_EXECUTION,EXIT_CODE,,,
BATCH_JOB_EXECUTION,EXIT_MESSAGE,,,
BATCH_JOB_EXECUTION_CONTEXT,JOB_EXECUTION_ID,,PK/FK,FK → BATCH_JOB_EXECUTION.JOB_EX
BATCH_JOB_EXECUTION_CONTEXT,SERIALIZED_CONTEXT,,,
BATCH_JOB_EXECUTION_CONTEXT,SHORT_CONTEXT,,,
BATCH_JOB_EXECUTION_PARAMS,JOB_EXECUTION_ID,,FK,FK → BATCH_JOB_EXECUTION.JOB_EX
BATCH_JOB_EXECUTION_PARAMS,PARAMETER_NAME,,,
BATCH_JOB_EXECUTION_PARAMS,PARAMETER_TYPE,,,
BATCH_JOB_EXECUTION_PARAMS,IDENTIFYING,,,
BATCH_JOB_EXECUTION_PARAMS,PARAMETER_VALUE,,,
BATCH_JOB_INSTANCE,JOB_INSTANCE_ID,,PK,
BATCH_JOB_INSTANCE,VERSION,,,
BATCH_JOB_INSTANCE,JOB_NAME,,,
BATCH_JOB_INSTANCE,JOB_KEY,,,
BATCH_STEP_EXECUTION,STEP_EXECUTION_ID,,PK,
BATCH_STEP_EXECUTION,VERSION,,,
BATCH_STEP_EXECUTION,STEP_NAME,,,
BATCH_STEP_EXECUTION,JOB_EXECUTION_ID,,FK,FK → BATCH_JOB_EXECUTION.JOB_EX
BATCH_STEP_EXECUTION,CREATE_TIME,,,
BATCH_STEP_EXECUTION,START_TIME,,,
BATCH_STEP_EXECUTION,END_TIME,,,
BATCH_STEP_EXECUTION,STATUS,,,
BATCH_STEP_EXECUTION,COMMIT_COUNT,,,
BATCH_STEP_EXECUTION,READ_COUNT,,,
BATCH_STEP_EXECUTION,FILTER_COUNT,,,
BATCH_STEP_EXECUTION,WRITE_COUNT,,,
BATCH_STEP_EXECUTION,READ_SKIP_COUNT,,,
BATCH_STEP_EXECUTION,WRITE_SKIP_COUNT,,,
BATCH_STEP_EXECUTION,PROCESS_SKIP_COUNT,,,
BATCH_STEP_EXECUTION,ROLLBACK_COUNT,,,
BATCH_STEP_EXECUTION,LAST_UPDATED,,,
BATCH_STEP_EXECUTION,EXIT_CODE,,,
BATCH_STEP_EXECUTION,EXIT_MESSAGE,,,
BATCH_STEP_EXECUTION_CONTEXT,STEP_EXECUTION_ID,,PK/FK,FK → BATCH_STEP_EXECUTION.STEP_
BATCH_STEP_EXECUTION_CONTEXT,SERIALIZED_CONTEXT,,,
BATCH_STEP_EXECUTION_CONTEXT,SHORT_CONTEXT,,,
DATABASECHANGELOG,ID,,,
DATABASECHANGELOG,AUTHOR,,,
DATABASECHANGELOG,FILENAME,,,
DATABASECHANGELOG,DATEEXECUTED,,,
DATABASECHANGELOG,ORDEREXECUTED,,,
DATABASECHANGELOG,EXECTYPE,,,
DATABASECHANGELOG,MD5SUM,,,
DATABASECHANGELOG,DESCRIPTION,,,
DATABASECHANGELOG,COMMENTS,,,
DATABASECHANGELOG,TAG,,,
DATABASECHANGELOG,LIQUIBASE,,,
DATABASECHANGELOG,CONTEXTS,,,
DATABASECHANGELOG,LABELS,,,
DATABASECHANGELOG,DEPLOYMENT_ID,,,
DATABASECHANGELOGLOCK,ID,,PK,
DATABASECHANGELOGLOCK,LOCKED,,,
DATABASECHANGELOGLOCK,LOCKGRANTED,,,
DATABASECHANGELOGLOCK,LOCKEDBY,,,
EXPORT_FILE,ID,,PK,
EXPORT_FILE,FILE_NAME,,,
EXPORT_FILE,FILE_PATH,,,
EXPORT_FILE,FILE_LENGTH,,,
EXPORT_FILE,ERROR_MESSAGE,,,
EXPORT_FILE,EXECUTION_DETAILS,,,
EXPORT_FILE,STATUS,,,
EXPORT_FILE,CREATED_AT,,,
EXPORT_FILE,UPDATED_AT,,,
EXPORT_FILE,CREATED_BY_ID,,,
EXPORT_FILE,UPDATED_BY_ID,,,
EXPORT_FILE,CREATED_BY_NAME,,,
EXPORT_FILE,UPDATED_BY_NAME,,,
EXPORT_FILE,DELETED,,,
PERMISSION_GROUP,ID,Primary key,PK,
PERMISSION_GROUP,GROUP_NAME,Tên nhóm quyền,,
PERMISSION_GROUP,GROUP_DESCRIPTION,Mô tả,,
PERMISSION_GROUP,CREATED_AT,Ngày tạo,,
PERMISSION_GROUP,UPDATED_AT,Ngày sửa cuối,,
PERMISSION_GROUP,CREATED_BY_ID,User_id người tạo,,
PERMISSION_GROUP,UPDATED_BY_ID,User_id người cập nhật,,
PERMISSION_GROUP,CREATED_BY_NAME,Tên người tạo,,
PERMISSION_GROUP,UPDATED_BY_NAME,Tên người cập nhật,,
PERMISSION_GROUP,DELETED,Soft delete,,
PERMISSION_GROUP_INDICATOR,ID,Primary key,PK,
PERMISSION_GROUP_INDICATOR,GROUP_ID,Id nhóm quyền,FK,FK → PERMISSION_GROUP.ID
PERMISSION_GROUP_INDICATOR,INDICATOR_ID,Chỉ tiêu (indicator id),FK,FK suy luận → risk_indicator.id
PERMISSION_GROUP_INDICATOR,DELETED,Soft delete,,
PERMISSION_GROUP_INDICATOR,CREATED_AT,Ngày tạo,,
PERMISSION_GROUP_INDICATOR,UPDATED_AT,Ngày sửa cuối,,
PERMISSION_GROUP_INDICATOR,CREATED_BY_ID,User_id người tạo,,
PERMISSION_GROUP_INDICATOR,UPDATED_BY_ID,User_id người cập nhật,,
PERMISSION_GROUP_INDICATOR,CREATED_BY_NAME,Tên người tạo,,
PERMISSION_GROUP_INDICATOR,UPDATED_BY_NAME,Tên người cập nhật,,
PERMISSION_GROUP_USER,ID,Primary key,PK,
PERMISSION_GROUP_USER,GROUP_ID,Id nhóm quyền,FK,FK → PERMISSION_GROUP.ID
PERMISSION_GROUP_USER,USER_ID,Người dùng được phân quyền (user id),,
PERMISSION_GROUP_USER,CREATED_AT,Ngày tạo,,
PERMISSION_GROUP_USER,UPDATED_AT,Ngày sửa cuối,,
PERMISSION_GROUP_USER,CREATED_BY_ID,User_id người tạo,,
PERMISSION_GROUP_USER,UPDATED_BY_ID,User_id người cập nhật,,
PERMISSION_GROUP_USER,CREATED_BY_NAME,Tên người tạo,,
PERMISSION_GROUP_USER,UPDATED_BY_NAME,Tên người cập nhật,,
PERMISSION_GROUP_USER,DELETED,Soft delete,,
PERMISSION_GROUP_USER,DISPLAY_ORDER,,,
QRTZ_BLOB_TRIGGERS,SCHED_NAME,,PK/FK,FK → QRTZ_TRIGGERS.SCHED_NAME
QRTZ_BLOB_TRIGGERS,TRIGGER_NAME,,PK/FK,FK → QRTZ_TRIGGERS.TRIGGER_NAME
QRTZ_BLOB_TRIGGERS,TRIGGER_GROUP,,PK/FK,FK → QRTZ_TRIGGERS.TRIGGER_GROU
QRTZ_BLOB_TRIGGERS,BLOB_DATA,,,
QRTZ_CALENDARS,SCHED_NAME,,PK,
QRTZ_CALENDARS,CALENDAR_NAME,,PK,
QRTZ_CALENDARS,CALENDAR,,,
QRTZ_CRON_TRIGGERS,SCHED_NAME,,PK/FK,FK → QRTZ_TRIGGERS.SCHED_NAME
QRTZ_CRON_TRIGGERS,TRIGGER_NAME,,PK/FK,FK → QRTZ_TRIGGERS.TRIGGER_NAME
QRTZ_CRON_TRIGGERS,TRIGGER_GROUP,,PK/FK,FK → QRTZ_TRIGGERS.TRIGGER_GROU
QRTZ_CRON_TRIGGERS,CRON_EXPRESSION,,,
QRTZ_CRON_TRIGGERS,TIME_ZONE_ID,,,
QRTZ_FIRED_TRIGGERS,SCHED_NAME,,PK,
QRTZ_FIRED_TRIGGERS,ENTRY_ID,,PK,
QRTZ_FIRED_TRIGGERS,TRIGGER_NAME,,,
QRTZ_FIRED_TRIGGERS,TRIGGER_GROUP,,,
QRTZ_FIRED_TRIGGERS,INSTANCE_NAME,,,
QRTZ_FIRED_TRIGGERS,FIRED_TIME,,,
QRTZ_FIRED_TRIGGERS,SCHED_TIME,,,
QRTZ_FIRED_TRIGGERS,PRIORITY,,,
QRTZ_FIRED_TRIGGERS,STATE,,,
QRTZ_FIRED_TRIGGERS,JOB_NAME,,,
QRTZ_FIRED_TRIGGERS,JOB_GROUP,,,
QRTZ_FIRED_TRIGGERS,IS_NONCONCURRENT,,,
QRTZ_FIRED_TRIGGERS,REQUESTS_RECOVERY,,,
QRTZ_JOB_DETAILS,SCHED_NAME,,PK,
QRTZ_JOB_DETAILS,JOB_NAME,,PK,
QRTZ_JOB_DETAILS,JOB_GROUP,,PK,
QRTZ_JOB_DETAILS,DESCRIPTION,,,
QRTZ_JOB_DETAILS,JOB_CLASS_NAME,,,
QRTZ_JOB_DETAILS,IS_DURABLE,,,
QRTZ_JOB_DETAILS,IS_NONCONCURRENT,,,
QRTZ_JOB_DETAILS,IS_UPDATE_DATA,,,
QRTZ_JOB_DETAILS,REQUESTS_RECOVERY,,,
QRTZ_JOB_DETAILS,JOB_DATA,,,
QRTZ_LOCKS,SCHED_NAME,,PK,
QRTZ_LOCKS,LOCK_NAME,,PK,
QRTZ_PAUSED_TRIGGER_GRPS,SCHED_NAME,,PK,
QRTZ_PAUSED_TRIGGER_GRPS,TRIGGER_GROUP,,PK,
QRTZ_SCHEDULER_STATE,SCHED_NAME,,PK,
QRTZ_SCHEDULER_STATE,INSTANCE_NAME,,PK,
QRTZ_SCHEDULER_STATE,LAST_CHECKIN_TIME,,,
QRTZ_SCHEDULER_STATE,CHECKIN_INTERVAL,,,
QRTZ_SIMPLE_TRIGGERS,SCHED_NAME,,PK/FK,FK → QRTZ_TRIGGERS.SCHED_NAME
QRTZ_SIMPLE_TRIGGERS,TRIGGER_NAME,,PK/FK,FK → QRTZ_TRIGGERS.TRIGGER_NAME
QRTZ_SIMPLE_TRIGGERS,TRIGGER_GROUP,,PK/FK,FK → QRTZ_TRIGGERS.TRIGGER_GROU
QRTZ_SIMPLE_TRIGGERS,REPEAT_COUNT,,,
QRTZ_SIMPLE_TRIGGERS,REPEAT_INTERVAL,,,
QRTZ_SIMPLE_TRIGGERS,TIMES_TRIGGERED,,,
QRTZ_SIMPROP_TRIGGERS,SCHED_NAME,,PK/FK,FK → QRTZ_TRIGGERS.SCHED_NAME
QRTZ_SIMPROP_TRIGGERS,TRIGGER_NAME,,PK/FK,FK → QRTZ_TRIGGERS.TRIGGER_NAME
QRTZ_SIMPROP_TRIGGERS,TRIGGER_GROUP,,PK/FK,FK → QRTZ_TRIGGERS.TRIGGER_GROU
QRTZ_SIMPROP_TRIGGERS,STR_PROP_1,,,
QRTZ_SIMPROP_TRIGGERS,STR_PROP_2,,,
QRTZ_SIMPROP_TRIGGERS,STR_PROP_3,,,
QRTZ_SIMPROP_TRIGGERS,INT_PROP_1,,,
QRTZ_SIMPROP_TRIGGERS,INT_PROP_2,,,
QRTZ_SIMPROP_TRIGGERS,LONG_PROP_1,,,
QRTZ_SIMPROP_TRIGGERS,LONG_PROP_2,,,
QRTZ_SIMPROP_TRIGGERS,DEC_PROP_1,,,
QRTZ_SIMPROP_TRIGGERS,DEC_PROP_2,,,
QRTZ_SIMPROP_TRIGGERS,BOOL_PROP_1,,,
QRTZ_SIMPROP_TRIGGERS,BOOL_PROP_2,,,
QRTZ_TRIGGERS,SCHED_NAME,,PK/FK,FK → QRTZ_JOB_DETAILS.SCHED_NAM
QRTZ_TRIGGERS,TRIGGER_NAME,,PK,
QRTZ_TRIGGERS,TRIGGER_GROUP,,PK,
QRTZ_TRIGGERS,JOB_NAME,,FK,FK → QRTZ_JOB_DETAILS.JOB_NAME
QRTZ_TRIGGERS,JOB_GROUP,,FK,FK → QRTZ_JOB_DETAILS.JOB_GROUP
QRTZ_TRIGGERS,DESCRIPTION,,,
QRTZ_TRIGGERS,NEXT_FIRE_TIME,,,
QRTZ_TRIGGERS,PREV_FIRE_TIME,,,
QRTZ_TRIGGERS,PRIORITY,,,
QRTZ_TRIGGERS,TRIGGER_STATE,,,
QRTZ_TRIGGERS,TRIGGER_TYPE,,,
QRTZ_TRIGGERS,START_TIME,,,
QRTZ_TRIGGERS,END_TIME,,,
QRTZ_TRIGGERS,CALENDAR_NAME,,,
QRTZ_TRIGGERS,MISFIRE_INSTR,,,
QRTZ_TRIGGERS,JOB_DATA,,,
RISK_ALERT,ID,Primary key,PK,
RISK_ALERT,ALERT_CONFIG_ID,Cấu hình cảnh báo,FK,FK → RISK_ALERT_CONFIG.ID
RISK_ALERT,INDICATOR_TYPE,1=Chỉ tiêu hệ thống 2=Chỉ tiêu tự tạo,,
RISK_ALERT,INDICATOR_ID,Id chỉ tiêu hệ thống,FK,FK → RISK_INDICATOR.ID
RISK_ALERT,CUSTOM_INDICATOR_ID,Id chỉ tiêu tự tạo,FK,FK → RISK_INDICATOR_CUSTOM.ID
RISK_ALERT,PERIOD_DATE,Kỳ dữ liệu bị cảnh báo,,
RISK_ALERT,CURRENT_VALUE,Giá trị hiện tại,,
RISK_ALERT,PREVIOUS_VALUE,"Giá trị kỳ trước (dùng để hiển thị, có thể null nếu không xác định)",,
RISK_ALERT,CHANGE_AMOUNT,Giá trị chênh lệch,,
RISK_ALERT,CHANGE_PERCENT,Chênh lệch %,,
RISK_ALERT,THRESHOLD_DIRECTION,"1=Tăng, 2=Giảm, 3=Tăng/Giảm",,
RISK_ALERT,THRESHOLD_UNIT_CODE,Đơn vị 1=% 2=Điểm 3=Tỷ VND 4=Triệu USD 5=Hợp đồng 6=Cổ phiếu 7=Công ty 8=VND 9=Số tài khoản 10=Đơn vị tính,,
RISK_ALERT,ALERT_MESSAGE,Nội dung cảnh báo (từ template),,
RISK_ALERT,TRIGGERED_AT,Thời điểm phát sinh cảnh báo,,
RISK_ALERT,TRIGGERED_BY_JOB_ID,Job ID đồng bộ chỉ tiêu,FK,FK → RISK_INDICATOR_SCHEDULE.ID
RISK_ALERT,HANDLER_USER_ID,Người được giao xử lý (user id),,
RISK_ALERT,HANDLER_USER_NAME,Tên người xử lý,,
RISK_ALERT,STATUS,"Trạng thái: 0=Chưa xử lý, 1=Đang xử lý, 2=Đã xử lý, 3=Đã huỷ/Đã bỏ qua",,
RISK_ALERT,ASSIGNED_AT,Thời điểm phân công,,
RISK_ALERT,CREATED_AT,Ngày tạo,,
RISK_ALERT,UPDATED_AT,Ngày sửa cuối,,
RISK_ALERT,CREATED_BY_ID,User_id người tạo,,
RISK_ALERT,UPDATED_BY_ID,User_id người cập nhật,,
RISK_ALERT,CREATED_BY_NAME,Tên người tạo,,
RISK_ALERT,UPDATED_BY_NAME,Tên người cập nhật,,
RISK_ALERT,DELETED,Soft delete,,
RISK_ALERT,COMPARE_PERIOD_TIME,Số kỳ cần so sánh,,
RISK_ALERT,THRESHOLD_VALUE,Giá trị ngưỡng,,
RISK_ALERT,IS_EXPIRED,,,
RISK_ALERT_CONFIG,ID,Primary key,PK,
RISK_ALERT_CONFIG,INDICATOR_TYPE,1=Chỉ tiêu hệ thống 2=Chỉ tiêu tự tạo,,
RISK_ALERT_CONFIG,INDICATOR_ID,Id chỉ tiêu hệ thống,FK,FK → RISK_INDICATOR.ID
RISK_ALERT_CONFIG,CUSTOM_INDICATOR_ID,Id chỉ tiêu tự tạo,FK,FK → RISK_INDICATOR_CUSTOM.ID
RISK_ALERT_CONFIG,THRESHOLD_DIRECTION,"1=Tăng, 2=Giảm, 3=Tăng/Giảm",,
RISK_ALERT_CONFIG,THRESHOLD_UNIT_CODE,Đơn vị 1=% 2=Điểm 3=Tỷ VND 4=Triệu USD 5=Hợp đồng 6=Cổ phiếu 7=Công ty 8=VND 9=Số tài khoản 10=Đơn vị tính,,
RISK_ALERT_CONFIG,COMPARE_PERIOD_TIME,Số kỳ cần so sánh,,
RISK_ALERT_CONFIG,ALERT_MESSAGE_TEMPLATE,Nội dung cảnh báo,,
RISK_ALERT_CONFIG,HANDLER_USER_ID,Người xử lý chính (user id),FK,FK → system_user.id
RISK_ALERT_CONFIG,HANDLER_USER_NAME,Tên người xử lý chính,,
RISK_ALERT_CONFIG,NOTIFY_BELL_FLAG,"Hiển thị thông báo chuông: 0=Không, 1=Có",,
RISK_ALERT_CONFIG,NOTIFY_EMAIL_FLAG,"Gửi email cảnh báo: 0=Không, 1=Có",,
RISK_ALERT_CONFIG,NOTIFY_TOAST_FLAG,"Thông báo toast: 0=Không, 1=Có",,
RISK_ALERT_CONFIG,IS_ACTIVE,"0=Không hoạt động, 1=Đang hoạt động",,
RISK_ALERT_CONFIG,DISPLAY_ORDER,Thứ tự hiển thị của cảnh báo,,
RISK_ALERT_CONFIG,CREATED_AT,Ngày tạo,,
RISK_ALERT_CONFIG,UPDATED_AT,Ngày sửa cuối,,
RISK_ALERT_CONFIG,CREATED_BY_ID,User_id người tạo,,
RISK_ALERT_CONFIG,UPDATED_BY_ID,User_id người cập nhật,,
RISK_ALERT_CONFIG,CREATED_BY_NAME,Tên người tạo,,
RISK_ALERT_CONFIG,UPDATED_BY_NAME,Tên người cập nhật,,
RISK_ALERT_CONFIG,DELETED,Soft delete,,
RISK_ALERT_CONFIG,CUSTOM_OLD_VALUE,Giá trị kỳ trước (cho chỉ tiêu tự tạo),,
RISK_ALERT_CONFIG,CUSTOM_NEW_VALUE,Giá trị kỳ này (cho chỉ tiêu tự tạo),,
RISK_ALERT_CONFIG,THRESHOLD_VALUE,Giá trị ngưỡng,,
RISK_ALERT_HISTORY,ID,Primary key,PK,
RISK_ALERT_HISTORY,ALERT_ID,Cảnh báo liên quan,FK,FK → RISK_ALERT.ID
RISK_ALERT_HISTORY,RESOLUTION_ID,Xử lý cảnh báo,FK,FK → RISK_ALERT_RESOLUTION.ID
RISK_ALERT_HISTORY,EVENT_TYPE,Loại sự kiện: 1=Xảy ra cảnh báo 2=Xử lý không giải trình 3=Xử lý có giải trình,,
RISK_ALERT_HISTORY,EVENT_TIME,Thời gian xảy ra sự kiện,,
RISK_ALERT_HISTORY,EVENT_TITLE,Tiêu đề sự kiện,,
RISK_ALERT_HISTORY,EVENT_DESCRIPTION,Mô tả sự kiện,,
RISK_ALERT_HISTORY,EVENT_USER_ID,User thực hiện,,
RISK_ALERT_HISTORY,EVENT_USER_NAME,Tên user thực hiện,,
RISK_ALERT_HISTORY,CREATED_AT,Ngày tạo,,
RISK_ALERT_HISTORY,UPDATED_AT,Ngày sửa cuối,,
RISK_ALERT_HISTORY,CREATED_BY_ID,User_id người tạo,,
RISK_ALERT_HISTORY,UPDATED_BY_ID,User_id người cập nhật,,
RISK_ALERT_HISTORY,CREATED_BY_NAME,Tên người tạo,,
RISK_ALERT_HISTORY,UPDATED_BY_NAME,Tên người cập nhật,,
RISK_ALERT_HISTORY,DELETED,Soft delete,,
RISK_ALERT_RESOLUTION,ID,Primary key,PK,
RISK_ALERT_RESOLUTION,ALERT_ID,Cảnh báo liên quan,FK,FK → RISK_ALERT.ID
RISK_ALERT_RESOLUTION,RESOLUTION_TYPE,"1=Quick (không giải trình), 2=Detailed (có giải trình)",,
RISK_ALERT_RESOLUTION,EXPLANATION_CONTENT,Nội dung giải trình chi tiết,,
RISK_ALERT_RESOLUTION,RESOLVED_AT,Thời điểm xử lý,,
RISK_ALERT_RESOLUTION,RESOLVED_BY_ID,User ID người xử lý,,
RISK_ALERT_RESOLUTION,RESOLVED_BY_NAME,Tên người xử lý,,
RISK_ALERT_RESOLUTION,CREATED_AT,Ngày tạo,,
RISK_ALERT_RESOLUTION,UPDATED_AT,Ngày sửa cuối,,
RISK_ALERT_RESOLUTION,CREATED_BY_ID,User_id người tạo,,
RISK_ALERT_RESOLUTION,UPDATED_BY_ID,User_id người cập nhật,,
RISK_ALERT_RESOLUTION,CREATED_BY_NAME,Tên người tạo,,
RISK_ALERT_RESOLUTION,UPDATED_BY_NAME,Tên người cập nhật,,
RISK_ALERT_RESOLUTION,DELETED,Soft delete,,
RISK_ALERT_RESOLUTION_FILE,ID,Primary key,PK,
RISK_ALERT_RESOLUTION_FILE,RESOLUTION_ID,Giải trình liên quan,FK,FK → RISK_ALERT_RESOLUTION.ID
RISK_ALERT_RESOLUTION_FILE,FILE_NAME,Tên file,,
RISK_ALERT_RESOLUTION_FILE,FILE_PATH,Đường dẫn file trên hệ thống,,
RISK_ALERT_RESOLUTION_FILE,FILE_SIZE,Dung lượng file (bytes),,
RISK_ALERT_RESOLUTION_FILE,FILE_TYPE,"Loại file: PDF, DOCX, XLSX, PNG, JPG,…",,
RISK_ALERT_RESOLUTION_FILE,UPLOADED_AT,Thời gian upload,,
RISK_ALERT_RESOLUTION_FILE,UPLOADED_BY_ID,Người upload (user id),,
RISK_ALERT_RESOLUTION_FILE,CREATED_AT,Ngày tạo,,
RISK_ALERT_RESOLUTION_FILE,UPDATED_AT,Ngày sửa cuối,,
RISK_ALERT_RESOLUTION_FILE,CREATED_BY_ID,User_id người tạo,,
RISK_ALERT_RESOLUTION_FILE,UPDATED_BY_ID,User_id người cập nhật,,
RISK_ALERT_RESOLUTION_FILE,CREATED_BY_NAME,Tên người tạo,,
RISK_ALERT_RESOLUTION_FILE,UPDATED_BY_NAME,Tên người cập nhật,,
RISK_ALERT_RESOLUTION_FILE,DELETED,Soft delete,,
RISK_INDICATOR,ID,Primary key,PK,
RISK_INDICATOR,INDICATOR_CODE,"Mã chỉ tiêu (VD: GDP_VN, CPI_VN, VNINDEX, CPI_US, DXY)",,
RISK_INDICATOR,INDICATOR_NAME,"Tên chỉ tiêu (VD: GDP, CPI, Chỉ số VNIndex, Lạm phát Mỹ)",,
RISK_INDICATOR,SET_CODE,Bộ chỉ tiêu 1=Trong nước 2=Quốc tế,,
RISK_INDICATOR,CATEGORY_ID,Nhóm chỉ tiêu (VD: Yếu tố vĩ mô),FK,FK → RISK_INDICATOR_CATEGORY.ID
RISK_INDICATOR,UNIT_CODE,Đơn vị mặc định 1=% 2=Điểm 3=Tỷ VND 4=Triệu USD 5=Hợp đồng 6=Cổ phiếu 7=Công ty 8=VND 9=Số tài khoản 10=Đơn vị tính,,
RISK_INDICATOR,SOURCE_CODE,Nguồn mặc định 1=Investing 2=Tổng cục Thống kê 3=Ngân hàng Nhà nước 4=Nội bộ 5=HNX 6=VSDC (Investing chỉ dùng cho chỉ tiêu quốc tế),,
RISK_INDICATOR,PERIOD_TYPE,"Tần suất: 1=Ngày, 2=Tháng, 3=Quý, 4=Năm",,
RISK_INDICATOR,STATUS,0=Không hoạt động 1=Hoạt động,,
RISK_INDICATOR,LAST_SYNC_TIME,Lần sync gần nhất,,
RISK_INDICATOR,DISPLAY_ORDER,Thứ tự hiển thị của chỉ tiêu,,
RISK_INDICATOR,CREATED_AT,Ngày tạo,,
RISK_INDICATOR,UPDATED_AT,Ngày sửa cuối,,
RISK_INDICATOR,CREATED_BY_ID,User_id người tạo,,
RISK_INDICATOR,UPDATED_BY_ID,User_id người cập nhật,,
RISK_INDICATOR,CREATED_BY_NAME,Tên người tạo,,
RISK_INDICATOR,UPDATED_BY_NAME,Tên người cập nhật,,
RISK_INDICATOR,DELETED,Soft delete,,
RISK_INDICATOR,IS_DISPLAY,Có hiển thị trên màn hình không 0=Không 1=Có,,
RISK_INDICATOR,SHOW_SYNC_INDICATOR,,,
RISK_INDICATOR_CATEGORY,ID,Primary key,PK,
RISK_INDICATOR_CATEGORY,SET_CODE,Bộ chỉ tiêu 1=Trong nước 2=Quốc tế,,
RISK_INDICATOR_CATEGORY,CATEGORY_CODE,"Mã nhóm (VD: MACRO, MONETARY, STOCK_MARKET)",,
RISK_INDICATOR_CATEGORY,CATEGORY_NAME,Tên nhóm (VD: Yếu tố vĩ mô),,
RISK_INDICATOR_CATEGORY,STATUS,0=Không hoạt động 1=Hoạt động,,
RISK_INDICATOR_CATEGORY,CREATED_AT,Ngày tạo,,
RISK_INDICATOR_CATEGORY,UPDATED_AT,Ngày sửa cuối,,
RISK_INDICATOR_CATEGORY,CREATED_BY_ID,User_id người tạo,,
RISK_INDICATOR_CATEGORY,UPDATED_BY_ID,User_id người cập nhật,,
RISK_INDICATOR_CATEGORY,CREATED_BY_NAME,Tên người tạo,,
RISK_INDICATOR_CATEGORY,UPDATED_BY_NAME,Tên người cập nhật,,
RISK_INDICATOR_CATEGORY,DELETED,"Soft delete: 0=Active, 1=Deleted",,
RISK_INDICATOR_CUSTOM,ID,Primary key,PK,
RISK_INDICATOR_CUSTOM,INDICATOR_NAME,"Tên chỉ tiêu (VD: GDP, CPI, Chỉ số VNIndex, Lạm phát Mỹ)",,
RISK_INDICATOR_CUSTOM,UNIT_CODE,Đơn vị mặc định 1=% 2=Điểm 3=Tỷ VND 4=Triệu USD 5=Hợp đồng 6=Cổ phiếu 7=Công ty 8=VND 9=Số tài khoản 10=Đơn vị tính,,
RISK_INDICATOR_CUSTOM,SOURCE_CODE,Nguồn cảnh báo,,
RISK_INDICATOR_CUSTOM,PERIOD_TYPE,"Tần suất: 1=Ngày, 2=Tháng, 3=Quý, 4=Năm",,
RISK_INDICATOR_CUSTOM,STATUS,0=Không hoạt động 1=Hoạt động,,
RISK_INDICATOR_CUSTOM,CREATED_AT,Ngày tạo,,
RISK_INDICATOR_CUSTOM,UPDATED_AT,Ngày sửa cuối,,
RISK_INDICATOR_CUSTOM,CREATED_BY_ID,User_id người tạo,,
RISK_INDICATOR_CUSTOM,UPDATED_BY_ID,User_id người cập nhật,,
RISK_INDICATOR_CUSTOM,CREATED_BY_NAME,Tên người tạo,,
RISK_INDICATOR_CUSTOM,UPDATED_BY_NAME,Tên người cập nhật,,
RISK_INDICATOR_CUSTOM,DELETED,Soft delete,,
RISK_INDICATOR_DATA_PERMISSION,ID,,PK,
RISK_INDICATOR_DATA_PERMISSION,SCOPE_TYPE,,,
RISK_INDICATOR_DATA_PERMISSION,SET_CODE,,,
RISK_INDICATOR_DATA_PERMISSION,INDICATOR_ID,,FK,FK → RISK_INDICATOR.ID
RISK_INDICATOR_DATA_PERMISSION,USER_ID,,,
RISK_INDICATOR_DATA_PERMISSION,CAN_VIEW_FLAG,,,
RISK_INDICATOR_DATA_PERMISSION,CAN_EDIT_FLAG,,,
RISK_INDICATOR_DATA_PERMISSION,CREATED_AT,,,
RISK_INDICATOR_DATA_PERMISSION,UPDATED_AT,,,
RISK_INDICATOR_DATA_PERMISSION,CREATED_BY_ID,,,
RISK_INDICATOR_DATA_PERMISSION,UPDATED_BY_ID,,,
RISK_INDICATOR_DATA_PERMISSION,CREATED_BY_NAME,,,
RISK_INDICATOR_DATA_PERMISSION,UPDATED_BY_NAME,,,
RISK_INDICATOR_DATA_PERMISSION,DELETED,,,
RISK_INDICATOR_SCHEDULE,ID,Primary key,PK,
RISK_INDICATOR_SCHEDULE,INDICATOR_ID,Chỉ tiêu (1-1),FK,FK → RISK_INDICATOR.ID
RISK_INDICATOR_SCHEDULE,FREQUENCY_TYPE,"1=Giờ, 2=Ngày, 3=Tháng, 4=Quý, 5=Năm",,
RISK_INDICATOR_SCHEDULE,FREQUENCY_VALUE,Mỗi bao nhiêu đơn vị (VD: mỗi 2 ngày),,
RISK_INDICATOR_SCHEDULE,START_TIME,Ngày giờ bắt đầu chạy,,
RISK_INDICATOR_SCHEDULE,NEXT_RUN_TIME,Lịch chạy tiếp theo (auto-calculated),,
RISK_INDICATOR_SCHEDULE,LAST_RUN_TIME,Lần chạy gần nhất,,
RISK_INDICATOR_SCHEDULE,CRON_EXPRESSION,Quartz cron,,
RISK_INDICATOR_SCHEDULE,IS_ENABLED,0=Không hoạt động 1=Hoạt động,,
RISK_INDICATOR_SCHEDULE,TOTAL_RUNS,Số lần đã chạy (thống kê),,
RISK_INDICATOR_SCHEDULE,LAST_STATUS,SUCCESS/FAILED,,
RISK_INDICATOR_SCHEDULE,LAST_ERROR,Lỗi lần chạy gần nhất (nếu có),,
RISK_INDICATOR_SCHEDULE,CREATED_AT,Ngày tạo,,
RISK_INDICATOR_SCHEDULE,UPDATED_AT,Ngày cập nhật,,
RISK_INDICATOR_SCHEDULE,CREATED_BY_ID,User ID người tạo,,
RISK_INDICATOR_SCHEDULE,UPDATED_BY_ID,User ID người cập nhật,,
RISK_INDICATOR_SCHEDULE,CREATED_BY_NAME,Tên người tạo,,
RISK_INDICATOR_SCHEDULE,UPDATED_BY_NAME,Tên người cập nhật,,
RISK_INDICATOR_SCHEDULE,DELETED,Soft delete,,
RISK_INDICATOR_VALUE,ID,Primary key,PK,
RISK_INDICATOR_VALUE,INDICATOR_ID,Chỉ tiêu,FK,FK → RISK_INDICATOR.ID
RISK_INDICATOR_VALUE,PERIOD_TYPE,"Kỳ dữ liệu: 1=Ngày, 2=Tháng, 3=Quý, 4=Năm",,
RISK_INDICATOR_VALUE,PERIOD_VALUE,"Lưu giá trị dành cho trường hợp period_type = Tháng, Quý. Dựa vào dữ liệu của period_date. Vd: period_type=Tháng period_date = 12/03/2026 thì period_value = 3 Vd: period_type=Quý period_date=12/03/2026 thì period_value = 1 (Quý 1: Tháng 1, Tháng 2, Tháng 3. Quý 2: Tháng 4, Tháng 5, Tháng 6. Quý 3: Tháng 7, Tháng 8, Tháng 9. Quý 4: Tháng 10, Tháng 11, Tháng 12 )",,
RISK_INDICATOR_VALUE,PERIOD_YEAR,Năm lấy theo period_date,,
RISK_INDICATOR_VALUE,PERIOD_DATE,Ngày đại diện cho kỳ,,
RISK_INDICATOR_VALUE,PERIOD_LABEL,"Chuỗi hiển thị kỳ (VD: 2024-01, 2024-Q1, 2024)",,
RISK_INDICATOR_VALUE,UNIT_CODE,Đơn vị 1=% 2=Điểm 3=Tỷ VND 4=Triệu USD 5=Hợp đồng 6=Cổ phiếu 7=Công ty 8=VND 9=Số tài khoản 10=Đơn vị tính,,
RISK_INDICATOR_VALUE,SOURCE_CODE,Nguồn 1=Investing 2=Tổng cục Thống kê 3=Ngân hàng Nhà nước 4=Nội bộ 5=HNX 6=VSDC (Investing chỉ dùng cho chỉ tiêu quốc tế),,
RISK_INDICATOR_VALUE,DATA_ORIGIN,"Nguồn gốc: 1=API CSDL tập trung, 2=User chỉnh sửa",,
RISK_INDICATOR_VALUE,CREATED_AT,Ngày tạo,,
RISK_INDICATOR_VALUE,UPDATED_AT,Ngày sửa cuối,,
RISK_INDICATOR_VALUE,CREATED_BY_ID,User_id người tạo,,
RISK_INDICATOR_VALUE,UPDATED_BY_ID,User_id người cập nhật,,
RISK_INDICATOR_VALUE,CREATED_BY_NAME,Tên người tạo,,
RISK_INDICATOR_VALUE,UPDATED_BY_NAME,Tên người cập nhật,,
RISK_INDICATOR_VALUE,DELETED,Soft delete,,
RISK_INDICATOR_VALUE,CUMULATIVE_VALUE,Giá trị luỹ kế,,
RISK_INDICATOR_VALUE,VALUE,Giá trị chỉ tiêu tại kỳ này,,
RISK_INDICATOR_VALUE_HISTORY,ID,Primary key,PK,
RISK_INDICATOR_VALUE_HISTORY,INDICATOR_ID,Chỉ tiêu,FK,FK → RISK_INDICATOR.ID
RISK_INDICATOR_VALUE_HISTORY,UNIT_CODE,Đơn vị 1=% 2=Điểm 3=Tỷ VND 4=Triệu USD 5=Hợp đồng 6=Cổ phiếu 7=Công ty 8=VND 9=Số tài khoản 10=Đơn vị tính,,
RISK_INDICATOR_VALUE_HISTORY,SOURCE_CODE,Nguồn 1=Investing 2=Tổng cục Thống kê 3=Ngân hàng Nhà nước 4=Nội bộ 5=HNX 6=VSDC (Investing chỉ dùng cho chỉ tiêu quốc tế),,
RISK_INDICATOR_VALUE_HISTORY,DATA_ORIGIN,Nguồn gốc dữ liệu sau thay đổi: 1=API CSDL tập trung 2=User chỉnh sửa,,
RISK_INDICATOR_VALUE_HISTORY,CHANGE_TYPE,Loại thay đổi: SYNC UPDATE,,
RISK_INDICATOR_VALUE_HISTORY,CHANGE_BY_ID,Người thực hiện (user id),,
RISK_INDICATOR_VALUE_HISTORY,CHANGE_BY_NAME,Tên người thực hiện,,
RISK_INDICATOR_VALUE_HISTORY,CREATED_AT,Ngày tạo,,
RISK_INDICATOR_VALUE_HISTORY,UPDATED_AT,Ngày sửa cuối,,
RISK_INDICATOR_VALUE_HISTORY,CREATED_BY_ID,User_id người tạo,,
RISK_INDICATOR_VALUE_HISTORY,UPDATED_BY_ID,User_id người cập nhật,,
RISK_INDICATOR_VALUE_HISTORY,CREATED_BY_NAME,Tên người tạo,,
RISK_INDICATOR_VALUE_HISTORY,UPDATED_BY_NAME,Tên người cập nhật,,
RISK_INDICATOR_VALUE_HISTORY,DELETED,Soft delete,,
RISK_INDICATOR_VALUE_HISTORY,PERIOD_DATE,,,
RISK_INDICATOR_VALUE_HISTORY,OLD_VALUE,Giá trị cũ (null nếu là tạo mới),,
RISK_INDICATOR_VALUE_HISTORY,NEW_VALUE,Giá trị mới (null nếu là xóa),,
RISK_MARKET_REPORT,ID,,PK,
RISK_MARKET_REPORT,REPORT_TYPE_ID,,FK,FK → RISK_MARKET_REPORT_TYPE.ID
RISK_MARKET_REPORT,PERIOD_TYPE,,,
RISK_MARKET_REPORT,PERIOD_DATE,,,
RISK_MARKET_REPORT,PERIOD_LABEL,,,
RISK_MARKET_REPORT,TITLE,,,
RISK_MARKET_REPORT,DESCRIPTION,,,
RISK_MARKET_REPORT,STATUS,,,
RISK_MARKET_REPORT,CREATED_AT,,,
RISK_MARKET_REPORT,UPDATED_AT,,,
RISK_MARKET_REPORT,CREATED_BY_ID,,,
RISK_MARKET_REPORT,UPDATED_BY_ID,,,
RISK_MARKET_REPORT,CREATED_BY_NAME,,,
RISK_MARKET_REPORT,UPDATED_BY_NAME,,,
RISK_MARKET_REPORT,DELETED,,,
RISK_MARKET_REPORT_FILE,ID,,PK,
RISK_MARKET_REPORT_FILE,REPORT_ID,,FK,FK → RISK_MARKET_REPORT.ID
RISK_MARKET_REPORT_FILE,FILE_NAME,,,
RISK_MARKET_REPORT_FILE,FILE_PATH,,,
RISK_MARKET_REPORT_FILE,FILE_SIZE,,,
RISK_MARKET_REPORT_FILE,FILE_TYPE,,,
RISK_MARKET_REPORT_FILE,IS_MAIN_FILE,,,
RISK_MARKET_REPORT_FILE,UPLOADED_AT,,,
RISK_MARKET_REPORT_FILE,UPLOADED_BY_ID,,,
RISK_MARKET_REPORT_FILE,DESCRIPTION,,,
RISK_MARKET_REPORT_FILE,CREATED_AT,,,
RISK_MARKET_REPORT_FILE,UPDATED_AT,,,
RISK_MARKET_REPORT_FILE,CREATED_BY_ID,,,
RISK_MARKET_REPORT_FILE,UPDATED_BY_ID,,,
RISK_MARKET_REPORT_FILE,CREATED_BY_NAME,,,
RISK_MARKET_REPORT_FILE,UPDATED_BY_NAME,,,
RISK_MARKET_REPORT_FILE,DELETED,,,
RISK_MARKET_REPORT_TYPE,ID,,PK,
RISK_MARKET_REPORT_TYPE,TYPE_CODE,,,
RISK_MARKET_REPORT_TYPE,TYPE_NAME,,,
RISK_MARKET_REPORT_TYPE,DESCRIPTION,,,
RISK_MARKET_REPORT_TYPE,PERIOD_TYPE,,,
RISK_MARKET_REPORT_TYPE,STATUS,,,
RISK_MARKET_REPORT_TYPE,CREATED_AT,,,
RISK_MARKET_REPORT_TYPE,UPDATED_AT,,,
RISK_MARKET_REPORT_TYPE,CREATED_BY_ID,,,
RISK_MARKET_REPORT_TYPE,UPDATED_BY_ID,,,
RISK_MARKET_REPORT_TYPE,CREATED_BY_NAME,,,
RISK_MARKET_REPORT_TYPE,UPDATED_BY_NAME,,,
RISK_MARKET_REPORT_TYPE,DELETED,,,
RISK_NOTIFICATION,ID,Primary key,PK,
RISK_NOTIFICATION,ALERT_ID,Alert liên quan,FK,FK → RISK_ALERT.ID
RISK_NOTIFICATION,NOTIFICATION_TYPE,"1=Toast, 2=Bell, 3=Email",,
RISK_NOTIFICATION,RECIPIENT_USER_ID,"User nhận notification (cho type=1,2)",,
RISK_NOTIFICATION,RECIPIENT_EMAIL,Email (cho type=3),,
RISK_NOTIFICATION,SENT_AT,Thời điểm gửi,,
RISK_NOTIFICATION,SEND_STATUS,1=SENT 2=FAILED,,
RISK_NOTIFICATION,SEND_ERROR,Lỗi khi gửi (nếu có),,
RISK_NOTIFICATION,CREATED_AT,Ngày tạo,,
RISK_NOTIFICATION,UPDATED_AT,Ngày sửa cuối,,
RISK_NOTIFICATION,CREATED_BY_ID,User_id người tạo,,
RISK_NOTIFICATION,UPDATED_BY_ID,User_id người cập nhật,,
RISK_NOTIFICATION,CREATED_BY_NAME,Tên người tạo,,
RISK_NOTIFICATION,UPDATED_BY_NAME,Tên người cập nhật,,
RISK_NOTIFICATION,DELETED,Soft delete,,
RISK_NOTIFICATION,READ_STATUS,0=Chưa đọc 1=Đã đọc,,
RISK_NOTIFICATION,TITLE,,,
RISK_NOTIFICATION,CONTENT,,,
RISK_REPORT_FILE,ID,Primary key,PK,
RISK_REPORT_FILE,BATCH_ID,Id nhóm upload,FK,FK suy luận → risk_report_upload_batch.id
RISK_REPORT_FILE,FILE_NAME,Tên file hiển thị (VD: Báo cáo TTCK Q4-2025.docx),,
RISK_REPORT_FILE,FILE_PATH,Đường dẫn lưu file trên hệ thống (filesystem/object storage),,
RISK_REPORT_FILE,FILE_SIZE,Dung lượng file (bytes),,
RISK_REPORT_FILE,FILE_TYPE,"Loại file: DOCX, XLSX, PDF,…",,
RISK_REPORT_FILE,UPLOADED_AT,Thời gian upload file,,
RISK_REPORT_FILE,UPLOADED_BY_ID,Người nộp file (user id),,
RISK_REPORT_FILE,CREATED_AT,Ngày tạo,,
RISK_REPORT_FILE,UPDATED_AT,Ngày sửa cuối,,
RISK_REPORT_FILE,CREATED_BY_ID,User_id người tạo,,
RISK_REPORT_FILE,UPDATED_BY_ID,User_id người cập nhật,,
RISK_REPORT_FILE,CREATED_BY_NAME,Tên người tạo,,
RISK_REPORT_FILE,UPDATED_BY_NAME,Tên người cập nhật,,
RISK_REPORT_FILE,DELETED,Soft delete,,
RISK_REPORT_TYPE,ID,Primary key,PK,
RISK_REPORT_TYPE,CODE,Mã loại báo cáo (VD: MARKET_STATUS_PERIOD),,
RISK_REPORT_TYPE,NAME,Tên loại báo cáo (VD: Báo cáo nhanh hàng tháng),,
RISK_REPORT_TYPE,DESCRIPTION,Mô tả chi tiết,,
RISK_REPORT_TYPE,TEMPLATE_CONTENT,Nội dung template báo cáo (Word/HTML) chứa các placeholder theo cú pháp {{PLACEHOLDER_CODE}},,
RISK_REPORT_TYPE,DISPLAY_ORDER,Thứ tự hiển thị của báo cáo,,
RISK_REPORT_TYPE,IS_ACTIVE,0=Không hoạt động 1=Hoạt động,,
RISK_REPORT_TYPE,CREATED_AT,Ngày tạo,,
RISK_REPORT_TYPE,UPDATED_AT,Ngày sửa cuối,,
RISK_REPORT_TYPE,CREATED_BY_ID,User_id người tạo,,
RISK_REPORT_TYPE,UPDATED_BY_ID,User_id người cập nhật,,
RISK_REPORT_TYPE,CREATED_BY_NAME,Tên người tạo,,
RISK_REPORT_TYPE,UPDATED_BY_NAME,Tên người cập nhật,,
RISK_REPORT_TYPE,DELETED,Soft delete,,
RISK_REPORT_UPLOAD_BATCH,ID,Primary key,PK,
RISK_REPORT_UPLOAD_BATCH,REPORT_TYPE_ID,Loại báo cáo,FK,FK suy luận → risk_report_type.id
RISK_REPORT_UPLOAD_BATCH,REPORT_DATE,Thời gian báo cáo (do người dùng chọn khi upload),,
RISK_REPORT_UPLOAD_BATCH,FILE_COUNT,Số lượng file trong batch,,
RISK_REPORT_UPLOAD_BATCH,CREATED_AT,Ngày tạo,,
RISK_REPORT_UPLOAD_BATCH,UPDATED_AT,Ngày sửa cuối,,
RISK_REPORT_UPLOAD_BATCH,CREATED_BY_ID,User_id người tạo,,
RISK_REPORT_UPLOAD_BATCH,UPDATED_BY_ID,User_id người cập nhật,,
RISK_REPORT_UPLOAD_BATCH,CREATED_BY_NAME,Tên người tạo,,
RISK_REPORT_UPLOAD_BATCH,UPDATED_BY_NAME,Tên người cập nhật,,
RISK_REPORT_UPLOAD_BATCH,DELETED,Soft delete,,
USER_TABLE_CONFIG,ID,,PK,
USER_TABLE_CONFIG,USER_ID,,,
USER_TABLE_CONFIG,TABLE_NAME,,,
USER_TABLE_CONFIG,TABLE_CODE,,,
USER_TABLE_CONFIG,TAB_NAME,,,
USER_TABLE_CONFIG,TAB_CODE,,,
USER_TABLE_CONFIG,CONFIG_DATA,,,
USER_TABLE_CONFIG,NOTES,,,
USER_TABLE_CONFIG,CREATED_AT,,,
USER_TABLE_CONFIG,UPDATED_AT,,,
USER_TABLE_CONFIG,CREATED_BY_ID,,,
USER_TABLE_CONFIG,UPDATED_BY_ID,,,
USER_TABLE_CONFIG,CREATED_BY_NAME,,,
USER_TABLE_CONFIG,UPDATED_BY_NAME,,,
USER_TABLE_CONFIG,DELETED,,,
